customer_id,customer_name,email,city,state,registration_date
CUST_0744,Gautam Tella,golekrishna@example.com,Jaipur,Rajasthan,2021-06-20
CUST_0174,Abeer Golla,null,Mangalore,Karnataka,2020-12-31
CUST_0059,Charita Tripathi,nilima56@example.net,Faridabad,Haryana,2022-11-05
CUST_0025,Hamsini Bail,thomasamble@example.org,New Delhi,Delhi,2022-02-17
CUST_0526,Falguni Parmar,uloyal@example.org,Agra,Uttar Pradesh,2020-11-08
CUST_0555,Lopa Khanna,champak66@example.com,Amritsar,Punjab,2024-05-09
CUST_0190,Faqid Goel,wshetty@example.net,Jabalpur,Madhya Pradesh,2023-10-19
CUST_0554,Chakrika Jani,parmersneha@example.org,Madurai,Tamil Nadu,2021-09-30
CUST_0099,Jonathan Mahal,bhagatbrinda@example.net,Madurai,Tamil Nadu,2022-08-05
CUST_0847,Damyanti Chatterjee,lgarde@example.org,Nashik,Maharashtra,2021-10-04
CUST_0968,Aahana Keer,hkhare@example.org,Agra,Uttar Pradesh,2020-05-04
CUST_0204,Chakrika Chaudhuri,nayarkaran@example.net,Pune,Maharashtra,2022-08-31
CUST_0175,Gavin Wali,krishasaini@example.com,Calicut,Kerala,08-11-2020
CUST_0961,George Chandran,anjali19@example.net,Howrah,West Bengal,2023-01-10
CUST_0236,Atharv Grewal,yvasa@example.net,Nagpur,Maharashtra,2021-09-03
CUST_0248,Onveer Nazareth,balakrishnanfinn@example.org,Nagpur,Maharashtra,2022-02-15
CUST_0854,Jonathan Jhaveri,anikavirk@example.com,Udaipur,Rajasthan,2020-12-20
CUST_0773,Parth Choudhury,baljiwan31@example.com,Vijayawada,Andhra Pradesh,2021-12-09
CUST_0889,Bishakha Gulati,bainsvincent@example.net,Mumbai,Maharashtra,2021-09-03
CUST_0571,Aarna Reddy,oseshadri@example.com,Ahmedabad,Gujarat,2020-01-16
CUST_0739,Tanvi Koshy,xravel@example.org,Mysore,Karnataka,2022-12-20
CUST_0972,Dipta Misra,rayjanuja@example.net,Kolkata,West Bengal,2021-12-06
CUST_0273,Umang Mishra,sarthak75@example.com,Ahmedabad,Gujarat,2022-11-02
CUST_0945,Faraj Venkatesh,mshukla@example.com,Mysore,Karnataka,2023-08-31
CUST_0322,Qarin Bhargava,bordechanakya@example.org,Madurai,Tamil Nadu,2020-06-23
CUST_0818,Oliver Kade,chatura41@example.org,Nashik,Maharashtra,2020-04-14
CUST_0739,Tanvi Koshy,xravel@example.org,Mysore,Karnataka,2022-12-20
CUST_0979,Wriddhish Kulkarni,omore@example.net,Gaya,Bihar,2024-07-08
CUST_0586,Avni Dey,adyabose@example.net,Jaipur,Rajasthan,2021-05-13
CUST_0784,Sanaya Parekh,gaurangi38@example.org,Nagpur,Maharashtra,2023-08-26
CUST_0358,Hemani Bakshi,scheema@example.com,Tirupati,Andhra Pradesh,2021-01-06
CUST_0185,Bimala Contractor,ubail@example.org,Ahmedabad,Gujarat,2024-01-14
CUST_0328,Yagnesh Kara,faris01@example.com,Bhagalpur,Bihar,2021-09-17
CUST_0578,Shivansh Padmanabhan,nitaravala@example.org,Nashik,Maharashtra,2020-06-08
CUST_0109,Manthan Lata,ekbalbhasin@example.org,Ajmer,Rajasthan,2020-11-13
CUST_0516,Chanakya D’Alia,ysawhney@example.org,Madurai,Tamil Nadu,2023-07-02
CUST_0385,Girik Shanker,dev86@example.org,Salem,Tamil Nadu,2021-01-25
CUST_0565,Balveer Nagi,ycomar@example.com,Jabalpur,Madhya Pradesh,2022-12-15
CUST_0159,Amol Ghosh,charles26@example.net,Faridabad,Haryana,2024-12-10
CUST_0353,Krishna Borah,lsrinivas@example.com,Mysore,Karnataka,2023-10-12
CUST_0405,Pallavi Ratti,yadavmichael@example.com,Warangal,Telangana,2020-02-01
CUST_0131,Faris Narasimhan,onadig@example.net,Salem,Tamil Nadu,2024-09-03
CUST_0349,Eiravati Manne,ukibe@example.com,Nizamabad,Telangana,2022-10-08
CUST_0460,Chaitaly Bahri,advika11@example.com,Coimbatore,Tamil Nadu,2024-10-27
CUST_0698,Kamya Sachar,mnaik@example.org,Calicut,Kerala,2020-09-30
CUST_0241,Warjas Tak,pateljyoti@example.com,Kolkata,West Bengal,2022-03-07
CUST_0844,Harinakshi Bhalla,brijesh61@example.org,Thrissur,Kerala,2020-10-29
CUST_0363,Turvi Kata,lgour@example.net,Mysore,Karnataka,2021-11-06
CUST_0851,Om Pingle,revakohli@example.net,Patna,Bihar,2023-12-16
CUST_0391,Vivaan Sanghvi,chandranaarav@example.org,Varanasi,Uttar Pradesh,2024-11-07
CUST_0416,Udarsh Nagy,omajanagarajan@example.com,Chandigarh,Punjab,2022-06-07
CUST_0411,Jacob Balan,pushti48@example.org,Jabalpur,Madhya Pradesh,2021-10-10
CUST_0888,Urvi Palan,vsawhney@example.net,Muzaffarpur,Bihar,2024-11-30
CUST_0386,Siddharth Talwar,ekantika45@example.net,Vijayawada,Andhra Pradesh,2024-11-04
CUST_0268,Manbir Kibe,choudharyrayaan@example.org,Trivandrum,Kerala,2020-07-27
CUST_0772,Wazir Prabhu,nmittal@example.net,Coimbatore,Tamil Nadu,2021-10-22
CUST_0769,Garima Pandya,dixitavni@example.org,Salem,Tamil Nadu,2022-10-26
CUST_0890,Nisha Oza,vedika98@example.net,Kochi,Kerala,2021-11-17
CUST_0808,Lucky Vyas,udyati81@example.net,Tirupati,Andhra Pradesh,2022-10-15
CUST_0302,Ladli Karpe,trivenipal@example.org,Jalandhar,Punjab,2021-07-08
CUST_0011,Theodore Nair,karnikazad@example.com,Patna,Bihar,2021/09/23
CUST_0042,Ekapad Konda,bhavani27@example.net,Noida,Uttar Pradesh,2021-05-20
CUST_0207,Vivaan Walla,dayamaisingh@example.org,Jalandhar,Punjab,2022-10-09
CUST_0355,Ojas Basu,ynarula@example.com,Gwalior,Madhya Pradesh,2023-03-26
CUST_0420,Xavier Shetty,wakeeta38@example.org,Nagpur,Maharashtra,2022-01-04
CUST_0480,Balvan Randhawa,wazir07@example.com,Siliguri,West Bengal,2021-07-26
CUST_0891,Tanvi Modi,daminigarg@example.com,Varanasi,Uttar Pradesh,2021/07/19
CUST_0435,Frado Lad,bainsdhruv@example.org,Noida,Uttar Pradesh,2022-02-26
CUST_0991,Rushil Lala,chandranrattan@example.net,Delhi,Delhi,2021-09-12
CUST_0324,Kashvi Bhasin,bsura@example.org,Karnal,Haryana,2023-05-26
CUST_0158,Imaran Bal,alexanderparmar@example.org,Gaya,Bihar,12-10-2020
CUST_0095,Urvashi Wali,pavani85@example.com,Udaipur,Rajasthan,2024-06-27
CUST_0588,Urmi Dixit,manya39@example.net,Hubli,Karnataka,2024-11-17
CUST_0726,Isha Mittal,yachanamajumdar@example.org,Kolkata,West Bengal,2024-01-28
CUST_0260,Janani Mani,rajuyamini@example.com,Kolkata,West Bengal,2023-03-01
CUST_0333,Faraj Mistry,wrideshramachandran@example.net,New Delhi,Delhi,2023-02-04
CUST_0295,Gavin Uppal,dbhakta@example.org,Siliguri,West Bengal,2022-07-06
CUST_0790,Chasmum Walia,lrattan@example.com,Kolkata,West Bengal,2023-11-11
CUST_0167,Mohini Sagar,munshiprisha@example.com,Bhagalpur,Bihar,2021-12-17
CUST_0459,Harrison Srinivas,nicholasseth@example.org,Hubli,Karnataka,2020-06-03
CUST_0186,Janaki Chakrabarti,pcherian@example.com,Tirupati,Andhra Pradesh,2022-11-04
CUST_0113,Amruta Baria,upmavenkataraman@example.net,Thrissur,Kerala,2022-10-26
CUST_0935,Banjeet Butala,wakeeta16@example.com,Patna,Bihar,2024-03-07
CUST_0491,Samuel Luthra,bvarghese@example.net,Coimbatore,Tamil Nadu,2020-05-20
CUST_0084,Nihal Mukhopadhyay,baldevika@example.net,Bangalore,Karnataka,2024-10-26
CUST_0074,Ojasvi Bhatia,osharamachandran@example.net,Bhagalpur,Bihar,2021-03-09
CUST_0948,Tripti Banik,goelchavvi@example.net,Coimbatore,Tamil Nadu,2024-09-05
CUST_0418,Nandini Biswas,xmandal@example.com,Madurai,Tamil Nadu,2020-02-29
CUST_0749,Nicholas Dhillon,charansaini@example.com,Hubli,Karnataka,2020-12-19
CUST_0977,Kavya Chowdhury,pallavi73@example.com,Karnal,Haryana,2021-05-08
CUST_0621,Robert Bandi,omkaarbanik@example.com,Udaipur,Rajasthan,2023-10-22
CUST_0873,Yamini Bandi,zwali@example.com,Pune,Maharashtra,2023-07-30
CUST_0718,Indrajit Mody,bsinha@example.com,Warangal,Telangana,2024-06-28
CUST_0634,Abeer Basak,nprabhu@example.com,Ahmedabad,Gujarat,2022-01-12
CUST_0657,Ayush Banerjee,eshana77@example.net,Durgapur,West Bengal,2023-02-09
CUST_0750,Sanaya Mani,jacobdeep@example.org,Guntur,Andhra Pradesh,2020-06-28
CUST_0599,Victor Sachdeva,ishaan77@example.com,Karnal,Haryana,2023-10-26
CUST_0845,Manthan Kaul,bansallohit@example.com,Gaya,Bihar,2020-03-05
CUST_0703,Jeevika Krish,aahanamital@example.org,Chennai,Tamil Nadu,2024-01-06
CUST_0796,Sneha Wali,madhavi99@example.com,Muzaffarpur,Bihar,2022-03-27
CUST_0903,Jalsa Rao,prishapingle@example.com,Salem,Tamil Nadu,2021-10-24
CUST_0093,Vrinda Khosla,cswaminathan@example.org,Patna,Bihar,2023-10-11
CUST_0014,Priya Rastogi,theodore28@example.com,Coimbatore,Tamil Nadu,2024-04-12
CUST_0950,Vritti Zacharia,jsoni@example.org,Siliguri,West Bengal,2022-12-25
CUST_0617,Charles Dyal,zahluwalia@example.org,Delhi,Delhi,2021/07/03
CUST_0493,Anvi Sampath,dpalla@example.com,New Delhi,Delhi,2021-11-03
CUST_0351,Triya Kadakia,smanne@example.org,Nashik,Maharashtra,2024-02-13
CUST_0549,Yauvani Mistry,teerth33@example.net,,Bihar,2023-03-05
CUST_0533,Rachita Kothari,qpal@example.net,Bhopal,Madhya Pradesh,2022-04-21
CUST_0132,Balendra Biswas,bhavnakaran@example.net,Nizamabad,Telangana,2021-09-11
CUST_0774,Vasudha Tella,ranveeroak@example.com,Warangal,Telangana,2024-09-28
CUST_0850,Oscar Nayak,daraanusha@example.org,Nizamabad,Telangana,2022-08-23
CUST_0407,Dominic Mukherjee,dkhare@example.org,Gaya,Bihar,2020-06-02
CUST_0970,Balhaar Jaggi,anjalideshpande@example.org,Ludhiana,Punjab,2023-07-06
CUST_0593,Lipika Singh,cbatra@example.net,Tirupati,Andhra Pradesh,2021-12-20
CUST_0951,Mahika Lall,npurohit@example.net,Jodhpur,Rajasthan,2021-05-21
CUST_0969,Ayaan Korpal,ucchal78@example.com,Nizamabad,Telangana,2024-12-06
CUST_0828,Keya Goyal,gourzehaan@example.com,Mumbai,Maharashtra,2020-03-20
CUST_0768,Daksh Verma,diya88@example.org,Vijayawada,Andhra Pradesh,2024-04-21
CUST_0438,Orinder Pandya,rachitmaharaj@example.com,Vadodara,Gujarat,2023-12-03
CUST_0742,Ranveer Manne,trao@example.com,Bangalore,Karnataka,2024-02-15
CUST_0995,Lavanya De,mjhaveri@example.org,Ludhiana,Punjab,2022-03-23
CUST_0619,Fariq Barad,nrattan@example.net,Madurai,Tamil Nadu,2022-02-02
CUST_0290,Nidra Thakkar,jacob45@example.net,Agra,Uttar Pradesh,2021-07-26
CUST_0430,Darika Sheth,jagdish12@example.net,Durgapur,West Bengal,16-06-2022
CUST_0675,Devika Naidu,brijeshverma@example.org,Nagpur,Maharashtra,2021-03-17
CUST_0959,Ojas Mistry,rajata37@example.net,Kochi,Kerala,2021-05-16
CUST_0020,Ekiya Suresh,choudhuryjanani@example.com,Mangalore,Karnataka,2024-08-25
CUST_0176,Nakul Pingle,ekta99@example.org,Hubli,Karnataka,2021-12-08
CUST_0365,Tanish Jha,dev91@example.net,Jabalpur,Madhya Pradesh,2024-07-24
CUST_0987,Indrajit Dugar,zaitrade@example.net,New Delhi,Delhi,2021-07-03
CUST_0741,Brijesh Korpal,jbaral@example.com,Gwalior,Madhya Pradesh,2021-05-26
CUST_0199,Libni Mander,mason51@example.net,Mangalore,Karnataka,2022-11-21
CUST_0149,Timothy Bhatnagar,pmittal@example.com,Vijayawada,Andhra Pradesh,2023-01-22
CUST_0244,Kabir Gopal,rachitathakkar@example.org,Kochi,Kerala,2022-03-17
CUST_0637,Meera Ghosh,sdara@example.net,New Delhi,Delhi,2020-11-13
CUST_0427,Eta Nadkarni,omagar@example.org,Vijayawada,Andhra Pradesh,2021-04-20
CUST_0585,Sanaya Parmer,vidhi81@example.org,Amritsar,Punjab,2020-06-29
CUST_0515,Keya Kumer,bavahritik@example.net,Trivandrum,,2020-05-14
CUST_0033,Vedika Srivastava,nandinibhargava@example.org,Siliguri,West Bengal,2021-07-06
CUST_0713,Yatin Kibe,lataqushi@example.com,Mangalore,Karnataka,2022-06-13
CUST_0521,Balveer Taneja,vasananarayanan@example.org,Indore,Madhya Pradesh,2022-05-30
CUST_0097,Qasim Handa,vedamalhotra@example.net,New Delhi,Delhi,2023-01-03
CUST_0213,Ayaan Nagar,nayakmadhav@example.org,Hyderabad,Telangana,2024-10-03
CUST_0058,Januja Sankar,narayanandipta@example.net,Tirupati,Andhra Pradesh,2022-10-22
CUST_0482,Vedant Desai,saanvi54@example.net,Siliguri,West Bengal,2021-04-28
CUST_0264,Falak Nagar,mayamistry@example.net,Gaya,Bihar,2021-09-29
CUST_0897,Ekaja Dugal,tripathigarima@example.net,Noida,Uttar Pradesh,2020-01-29
CUST_0409,Jagdish Arora,advaygade@example.com,Thrissur,Kerala,2023-08-23
CUST_0428,Laban Chopra,hiteshgala@example.com,Durgapur,West Bengal,2022-07-30
CUST_0986,Aarush Rattan,dalajamurthy@example.net,Nizamabad,Telangana,2024-08-25
CUST_0843,Dev Zachariah,xalak87@example.org,Nizamabad,Telangana,2024-01-16
CUST_0035,Mohammed Gupta,teerth09@example.net,Ahmedabad,Gujarat,2021-04-14
CUST_0776,Tripti Ram,agrawaldeepa@example.org,Gwalior,Madhya Pradesh,2020-09-13
CUST_0421,Abeer Rout,kaulhiral@example.net,Rajkot,Gujarat,2020-10-25
CUST_0287,Vansha Naik,abeerlal@example.com,Nashik,Maharashtra,2024-10-08
CUST_0225,Dayita Varma,qsolanki@example.org,Mangalore,Karnataka,2021-04-25
CUST_0166,Tanveer Sani,akari@example.com,Howrah,West Bengal,2021-02-12
CUST_0837,Upkaar Aggarwal,hsubramaniam@example.net,Ahmedabad,Gujarat,2022-05-03
CUST_0277,Wriddhish Kibe,waliupkaar@example.net,Rajkot,Gujarat,2023-12-19
CUST_0486,Dalbir Krish,shanchandresh@example.com,Udaipur,Rajasthan,2021-01-23
CUST_0684,Anvi Dyal,walimohammed@example.com,Nizamabad,Telangana,2021-05-10
CUST_0218,Yutika Khurana,bishakhasanghvi@example.org,Bhagalpur,Bihar,2024-08-28
CUST_0029,Nirja Sibal,chaudharidarsh@example.com,Gwalior,Madhya Pradesh,2023-12-08
CUST_0606,Amol Jain,mdoctor@example.org,Siliguri,West Bengal,2020-03-18
CUST_0151,Wahab Yogi,lipikasetty@example.com,Hyderabad,Telangana,2022-05-30
CUST_0038,Wahab Raval,koshybalveer@example.net,Mysore,Karnataka,2023-03-07
CUST_0198,Nilima Nigam,nattdominic@example.com,Vijayawada,Andhra Pradesh,2023-09-11
CUST_0283,Suhani Viswanathan,gdesai@example.com,Visakhapatnam,Andhra Pradesh,2021-07-25
CUST_0598,Siddharth Doctor,nakulpathak@example.net,Karnal,Haryana,2022-08-08
CUST_0233,Bakhshi Date,keerjeevika@example.com,Delhi,Delhi,2022-03-08
CUST_0253,Eiravati Khurana,rdas@example.com,Patna,Bihar,2022-08-21
CUST_0807,Baljiwan Subramanian,isaiah97@example.net,Warangal,Telangana,2022-10-18
CUST_0052,Lavanya Barad,mkapadia@example.com,Lucknow,Uttar Pradesh,2023-10-25
CUST_0342,Girik Nair,sarora@example.com,Mysore,Karnataka,2023-08-19
CUST_0658,Sai Deshmukh,tanmayisaran@example.net,Visakhapatnam,Andhra Pradesh,2023-12-27
CUST_0410,Zansi Lad,kamyadate@example.net,Mangalore,Karnataka,"April 27, 2023"
CUST_0547,Ekanta Thaman,msahota@example.net,Panipat,Haryana,2021-11-26
CUST_0135,Madhav Konda,kgole@example.org,Mysore,Karnataka,2021-06-25
CUST_0006,Aishani Bassi,hyadav@example.com,Mysore,Karnataka,2021-04-21
CUST_0475,Aarna Nagarajan,chahallipika@example.net,Hyderabad,Telangana,2022-03-06
CUST_0155,Suhani Chand,anshbedi@example.com,Mangalore,Karnataka,2024-05-16
CUST_0227,Rajeshri Ratta,vraju@example.org,Visakhapatnam,Andhra Pradesh,2020-10-10
CUST_0216,Indrajit Mani,charvidara@example.org,Nizamabad,Telangana,2023-05-04
CUST_0457,Hritik Agarwal,rajuraksha@example.net,Durgapur,West Bengal,2024-03-08
CUST_0545,Shravya Shankar,wishiagrawal@example.net,Tirupati,Andhra Pradesh,2020-02-29
CUST_0271,Dipta Ghose,vwalia@example.net,Kochi,Kerala,2021-12-12
CUST_0686,Qasim Bahl,william51@example.net,Jaipur,Rajasthan,2023-06-13
CUST_0354,Balhaar Parsa,choprayuvraj@example.net,Patna,Bihar,2024-04-15
CUST_0704,Teerth Brahmbhatt,vasudha27@example.net,Karnal,Haryana,2020-03-16
CUST_0624,Ijaya Palan,upkaar93@example.com,Ahmedabad,Gujarat,2023-02-16
CUST_0315,Varenya Kibe,mekhalakhatri@example.net,Patna,Bihar,2023-03-21
CUST_0195,Shivani Guha,vamakshi82@example.org,Panipat,Haryana,2022-08-10
CUST_0037,Dakshesh Trivedi,grewalekapad@example.net,Rajkot,Gujarat,2021-07-02
CUST_0249,Shivansh Saha,tankbimala@example.net,Surat,Gujarat,2022-07-20
CUST_0791,Yagnesh Dutt,erajagopalan@example.com,Pune,Maharashtra,2022-06-19
CUST_0856,Charvi Pall,jagrawal@example.org,Vadodara,Gujarat,2023-06-03
CUST_0542,Isha Manne,hitesh02@example.com,Delhi,Delhi,2024-09-26
CUST_0181,Siddharth Devan,bimala51@example.org,Nizamabad,Telangana,2023-11-07
CUST_0350,Maya Patla,iyengarpranit@example.net,Kolkata,West Bengal,2023-05-09
CUST_0805,Leena Pant,quincysamra@example.net,Vadodara,Gujarat,2021-01-23
CUST_0341,Saumya Vala,bchauhan@example.org,Faridabad,Haryana,2022-05-20
CUST_0978,Janani Soman,darika09@example.org,Gaya,Bihar,2021-09-07
CUST_0716,Ridhi Basu,ryanprakash@example.org,Salem,Tamil Nadu,2023-11-18
CUST_0494,Unnati Mittal,achaudry@example.net,Faridabad,Haryana,2024-06-03
CUST_0955,Frado Bhatti,ishwar52@example.org,Karnal,Haryana,2023-06-13
CUST_0762,Rishi Agarwal,bajwaudyati@example.net,Varanasi,Uttar Pradesh,2024-01-08
CUST_0994,Udarsh Jani,amairamani@example.net,Hubli,Karnataka,2021-05-11
CUST_0520,Adya Virk,ishitarout@example.com,Bangalore,Karnataka,2024-10-12
CUST_0091,Simon Pant,harini49@example.net,Hubli,Karnataka,2023/02/27
CUST_0424,Vincent Venkatesh,dpradhan@example.net,Chennai,Tamil Nadu,2023-06-02
CUST_0205,Mitesh Gaba,noahsarma@example.org,Kochi,Kerala,2022-07-21
CUST_0148,Adweta Raj,hritik37@example.org,Mumbai,Maharashtra,2020-06-03
CUST_0673,Jairaj Kothari,psavant@example.net,Jalandhar,Punjab,2022-07-07
CUST_0682,Ansh Purohit,krish40@example.com,Hubli,Karnataka,2023-05-07
CUST_0980,Jairaj Warrior,saanvirama@example.org,Kolkata,West Bengal,2023-02-25
CUST_0432,Yochana Bawa,abha20@example.com,Durgapur,West Bengal,2023-04-18
CUST_0553,Ryan Loke,bhavinikrishna@example.org,Ajmer,Rajasthan,2021-11-29
CUST_0348,Laban Mital,sai75@example.org,Varanasi,Uttar Pradesh,11-10-2020
CUST_0700,Bhavani Babu,chasmumahuja@example.com,Surat,Gujarat,2024-08-27
CUST_0481,Anmol Nazareth,deepa47@example.net,Nagpur,Maharashtra,2021-03-20
CUST_0975,Warinder Sampath,maanaschhabra@example.org,Ajmer,Rajasthan,2020-11-01
CUST_0869,Hemal Kannan,naksh92@example.net,Howrah,West Bengal,2021-02-17
CUST_0064,Dayita Kar,mananbakshi@example.org,Gurgaon,Haryana,2023-05-11
CUST_0777,Gauri Sibal,chauhandevika@example.org,Gwalior,Madhya Pradesh,2023-06-12
CUST_0638,Diya Anand,kadeladli@example.net,Mangalore,Karnataka,2024-09-25
CUST_0505,Hema Rout,udhar@example.net,Bangalore,Karnataka,2022-09-02
CUST_0473,Jai Sen,oliverkakar@example.org,Varanasi,Uttar Pradesh,2020-08-25
CUST_0414,Vedant Upadhyay,basuadvik@example.org,Mysore,Karnataka,2023-07-16
CUST_0803,Maanas Sur,fdeshpande@example.org,Thrissur,Kerala,2021-05-23
CUST_0372,Jagrati Andra,mdeshpande@example.com,Rajkot,Gujarat,2023-07-04
CUST_0736,Urvi Devan,reyanshkara@example.org,Jaipur,Rajasthan,2023-05-24
CUST_0692,Fariq Sidhu,patelojasvi@example.com,Nizamabad,Telangana,2020-02-11
CUST_0798,Yashvi Raval,chaitalybhatia@example.com,Hyderabad,Telangana,2021-10-15
CUST_0312,Ganga Brar,fprabhakar@example.net,Mumbai,Maharashtra,2023-02-07
CUST_0871,Arya Atwal,pkoshy@example.com,Amritsar,Punjab,2020-10-08
CUST_0677,Isaiah Keer,anair@example.org,Jalandhar,Punjab,2020-08-15
CUST_0230,Damini Sehgal,sganesan@example.com,New Delhi,Delhi,2022-04-29
CUST_0008,Bimala Buch,harrisonrai@example.com,Hyderabad,Telangana,2024-01-06
CUST_0517,Urvi Dua,adityamitra@example.com,Gwalior,Madhya Pradesh,2022-02-19
CUST_0153,Kamala Kalla,psaxena@example.com,Ahmedabad,Gujarat,2022-01-02
CUST_0082,Ryan Bahri,williamdate@example.com,New Delhi,Delhi,2020-05-25
CUST_0688,Nimrat Nagy,charekalinga@example.org,Jodhpur,Rajasthan,2023-09-22
CUST_0753,Fariq Ahuja,arunimajohal@example.org,Warangal,Telangana,2024-12-30
CUST_0801,Oscar Soman,raghavrajagopalan@example.com,Chennai,Tamil Nadu,2020-04-13
CUST_0234,Bachittar Dube,xprabhakar@example.com,Visakhapatnam,Andhra Pradesh,2024-10-20
CUST_0083,Tejas Shroff,jyoti29@example.net,Chandigarh,Punjab,2021-04-13
CUST_0129,Harish Vora,uaurora@example.org,Visakhapatnam,Andhra Pradesh,2024-12-05
CUST_0634,Abeer Basak,nprabhu@example.com,Ahmedabad,Gujarat,2022-01-12
CUST_0695,Yuvraj Gola,xcherian@example.net,Lucknow,Uttar Pradesh,2022-01-01
CUST_0743,Ojas Sami,chatura82@example.com,Salem,Tamil Nadu,2022-11-26
CUST_0570,Ethan Bhagat,zayanbobal@example.net,Madurai,Tamil Nadu,2021-08-15
CUST_0201,Dayita Puri,joshua81@example.net,Gaya,Bihar,2023-10-09
CUST_0917,,diya44@example.net,Durgapur,West Bengal,2022-05-01
CUST_0595,Krisha Radhakrishnan,faras84@example.com,Mysore,Karnataka,2021-06-08
CUST_0998,Frederick Anne,udeol@example.net,Durgapur,West Bengal,2021-09-23
CUST_0543,Nimrat Chhabra,rohan31@example.com,Nizamabad,Telangana,2023-06-10
CUST_0660,Nitara Lad,chavvianne@example.org,Mysore,Karnataka,2021-07-12
CUST_0316,Barkha Rai,pwalla@example.com,Varanasi,Uttar Pradesh,2022-09-07
CUST_0441,Anirudh Raja,varsha87@example.com,Mumbai,Maharashtra,2023-05-26
CUST_0982,Reva Nadig,rbandi@example.org,Hyderabad,Telangana,2023/04/07
CUST_0640,Urishilla Oza,qarin76@example.org,Gurgaon,Haryana,2023-09-17
CUST_0492,Urvi Deo,abhiramkapur@example.com,Gaya,Bihar,2023-04-15
CUST_0601,Krish Vala,dindaksh@example.org,Gwalior,Madhya Pradesh,2020-11-05
CUST_0446,Jagrati Bala,lucky93@example.com,Indore,Madhya Pradesh,2023-06-25
CUST_0940,Netra Das,paninitata@example.com,Varanasi,Uttar Pradesh,2021-01-03
CUST_0920,Mohammed Thakur,raghavvora@example.net,New Delhi,Delhi,2023-10-25
CUST_0609,Veer Subramaniam,lpalla@example.net,Patna,Bihar,2023-06-13
CUST_0822,Gunbir Wali,rachana94@example.com,Warangal,Telangana,2024-08-17
CUST_0152,Mohammed Sachdeva,surinikita@example.com,Chennai,Tamil Nadu,"July 08, 2022"
CUST_0907,Gautami Bhatti,achakrabarti@example.com,Lucknow,Uttar Pradesh,2021-06-19
CUST_0582,Rishi Nadkarni,vseshadri@example.net,Hubli,Karnataka,2020-02-12
CUST_0654,Girish Bhatt,bbhagat@example.com,Gaya,Bihar,2024-06-28
CUST_0229,Chaaya Nagi,buchfalak@example.net,Ludhiana,Punjab,2023-12-17
CUST_0622,Aadi Dugar,majumdarmugdha@example.com,Kochi,Kerala,2024-06-04
CUST_0539,Aadi Chand,yashoda83@example.net,Patna,Bihar,2021-12-18
CUST_0685,Adya Peri,xacharya@example.net,Ludhiana,Punjab,2021-08-19
CUST_0110,,sidhudaksha@example.net,Delhi,Delhi,2021-03-21
CUST_0182,Qushi Gill,lajitawalia@example.net,Ludhiana,Punjab,2022-01-15
CUST_0720,Krisha Vyas,kumeronkar@example.org,Jodhpur,Rajasthan,2023-01-22
CUST_0632,Wishi Iyengar,wyattlanka@example.org,Chennai,Tamil Nadu,2023-08-16
CUST_0196,Harshil Oza,thamanorinder@example.org,Siliguri,West Bengal,2023-10-15
CUST_0647,Hemangini Bahri,wdara@example.net,Jalandhar,Punjab,2021-04-24
CUST_0614,Samar Sachdev,xgola@example.net,Chennai,Tamil Nadu,18/09/2022
CUST_0811,Garima Sama,chaitaly42@example.org,Delhi,Delhi,"November 11, 2021"
CUST_0222,Hemang Natarajan,chaitanyapandey@example.net,Gwalior,Madhya Pradesh,2024-04-17
CUST_0615,Zehaan Mohanty,mitali21@example.net,Mangalore,Karnataka,2024-01-02
CUST_0709,Sanaya Thaman,kapadiarachana@example.com,Warangal,Telangana,2021-06-02
CUST_0314,Varenya Joshi,chavvi03@example.org,Bhagalpur,Bihar,2020-07-29
CUST_0022,Kabir Soman,alkawable@example.net,New Delhi,Delhi,2020-04-03
CUST_0311,Omaja Wagle,lipikakibe@example.com,Hyderabad,Telangana,2021-07-15
CUST_0678,Jagdish Randhawa,adityabasak@example.net,Panipat,Haryana,2021-05-01
CUST_0725,Gauri Suri,,Jalandhar,Punjab,2021-12-20
CUST_0523,Harrison Kunda,tanmayiminhas@example.com,Rajkot,Gujarat,2022-03-27
CUST_0228,Widisha Pillai,fitan61@example.com,Coimbatore,Tamil Nadu,2022-02-23
CUST_0306,Vivaan Nagar,warjas42@example.net,Delhi,Delhi,2021-07-20
CUST_0191,Ekantika Mutti,riabir@example.com,Ludhiana,Punjab,2023-06-14
CUST_0538,Jagat Tank,chauhannetra@example.com,Jabalpur,Madhya Pradesh,2021-04-04
CUST_0395,Laksh Raja,lukebiswas@example.net,Durgapur,West Bengal,2024-11-15
CUST_0133,Radha Chaudhari,sawhneyojas@example.net,Kochi,Kerala,2023-09-29
CUST_0301,Joshua Kapoor,bajajchanchal@example.com,Udaipur,Rajasthan,2021-12-21
CUST_0299,Pranit Deshmukh,yprasad@example.com,Gwalior,Madhya Pradesh,05-09-2020
CUST_0384,Neha Varma,jyoti77@example.com,Delhi,Delhi,2022/06/01
CUST_0387,Vedhika Oza,batrahardik@example.net,Mangalore,,2024-05-01
CUST_0880,Leela Pau,xbaria@example.com,Indore,Madhya Pradesh,2024-03-28
CUST_0701,Tanish Murty,majumdaryasti@example.net,Karnal,Haryana,2023-11-25
CUST_0506,Faris Sura,peter50@example.org,Durgapur,West Bengal,2022-11-17
CUST_0114,Arunima Golla,fswamy@example.com,Vijayawada,Andhra Pradesh,2020-04-26
CUST_0374,Azaan Kannan,bachittar43@example.net,Noida,Uttar Pradesh,2021-08-12
CUST_0831,Alka Gokhale,fboase@example.org,Trivandrum,Kerala,2021-11-02
CUST_0063,Omkaar Chad,yutika95@example.org,Surat,Gujarat,2023-01-09
CUST_0072,Ekaja Zachariah,devimatthew@example.org,Jabalpur,Madhya Pradesh,2023-01-30
CUST_0510,Andrew Agrawal,upkaarpadmanabhan@example.com,Bhopal,Madhya Pradesh,2020-05-04
CUST_0237,Adweta Lad,nkala@example.com,Karnal,Haryana,2024-10-13
CUST_0382,Kevin Krish,ekantakota@example.net,Amritsar,Punjab,2022-04-30
CUST_0329,Krishna Soni,andraonveer@example.org,Kochi,Kerala,2023-06-02
CUST_0840,Patrick Baral,thalder@example.net,Durgapur,West Bengal,2023-09-04
CUST_0564,Aditya Contractor,sanaya39@example.net,N/A,Rajasthan,2021-08-03
CUST_0343,Frado Kibe,lajitagara@example.org,Madurai,Tamil Nadu,2024-08-19
CUST_0691,Chandran Peri,ekavirarya@example.org,Nizamabad,Telangana,2024-05-29
CUST_0016,Lekha Raj,qwadhwa@example.net,Jaipur,Rajasthan,2022-01-05
CUST_0862,Vedhika Varma,bobalwahab@example.net,Tirupati,Andhra Pradesh,2021-08-12
CUST_0867,Jagrati Madan,gautamidatta@example.org,Mangalore,Karnataka,2024/06/04
CUST_0154,Jhalak Parmer,raoanya@example.org,New Delhi,Delhi,2023-09-27
CUST_0026,Veer Bir,narayananekavir@example.net,Varanasi,Uttar Pradesh,2021/08/20
CUST_0263,Laksh Nath,dvenkataraman@example.org,Kochi,Kerala,2024-05-11
CUST_0957,Upasna Bains,krishna96@example.com,New Delhi,Delhi,2020-07-25
CUST_0183,Xiti Pandya,ranganathanbrijesh@example.com,Jaipur,Rajasthan,2023-09-22
CUST_0476,Eshana Majumdar,yarora@example.net,Durgapur,West Bengal,2023-10-05
CUST_0338,Yatin Borah,null,Amritsar,Punjab,2023-12-10
CUST_0076,Thomas Sura,anjalisarin@example.com,Varanasi,Uttar Pradesh,2023-10-07
CUST_0364,Meghana Balakrishnan,shivanisanghvi@example.com,Ajmer,Rajasthan,26-03-2022
CUST_0111,Anita Tella,fsarma@example.net,Mumbai,Maharashtra,2024-03-11
CUST_0021,Dalbir Khosla,chadavedika@example.org,Gwalior,Madhya Pradesh,2023-03-28
CUST_0610,Pavani Desai,vansha31@example.com,Thrissur,Kerala,2022-08-05
CUST_0973,Mekhala Dey,isaactella@example.org,Jabalpur,Madhya Pradesh,2024-05-28
CUST_0710,Manbir Deo,fitan79@example.net,Pune,Maharashtra,2021-08-08
CUST_0047,Prisha Andra,borramanthan@example.net,Gurgaon,Haryana,2024-10-29
CUST_0347,Meghana Natarajan,cnarayan@example.com,Hubli,Karnataka,2023-11-11
CUST_0591,Veda Parmer,kandavinaya@example.org,Nizamabad,Telangana,2020-08-21
CUST_0503,Upma Bera,sodhirobert@example.net,Lucknow,Uttar Pradesh,2020-09-16
CUST_0404,Balveer Bhasin,stoor@example.net,Hubli,Karnataka,2020-07-23
CUST_0362,Nitesh Kohli,nathanielnarayanan@example.net,Vadodara,Gujarat,2023-10-04
CUST_0107,Bishakha Bali,bhavyamandal@example.net,Udaipur,Rajasthan,2024-05-24
CUST_0184,Tripti Brahmbhatt,pushti96@example.net,Tirupati,Andhra Pradesh,"December 25, 2021"
CUST_0999,Simon Rajagopal,ekunda@example.org,Agra,Uttar Pradesh,2022-11-16
CUST_0732,Eiravati Sachdev,cmitter@example.net,Chennai,Tamil Nadu,2020-10-19
CUST_0559,Kalpit Dyal,abdul57@example.net,Mangalore,Karnataka,2022-06-26
CUST_0161,Siya Thakur,calebverma@example.com,Amritsar,Punjab,2024-05-21
CUST_0453,Chaitaly Datta,aaravraman@example.net,New Delhi,Delhi,01-07-2022
CUST_0839,Jasmit Warrior,faris74@example.net,Visakhapatnam,Andhra Pradesh,2023-05-07
CUST_0568,Dominic Kade,paninichawla@example.org,Mumbai,Maharashtra,2021-02-22
CUST_0868,Avni Deshpande,shrofftara@example.com,Gwalior,Madhya Pradesh,2024-03-10
CUST_0904,Advik Mane,indali47@example.net,Vijayawada,Andhra Pradesh,2020-01-14
CUST_0793,Ishwar Sheth,gunbir72@example.com,Delhi,Delhi,2023-05-27
CUST_0947,Qushi Dani,usengupta@example.com,Salem,Tamil Nadu,2022-12-19
CUST_0581,Ganga Parikh,wahabchaudhry@example.com,Jabalpur,N/A,2021-08-15
CUST_0104,Shravya Savant,pushti49@example.net,Ajmer,Rajasthan,2022-09-12
CUST_0572,Diya Badal,idani@example.org,Siliguri,West Bengal,2020-12-25
CUST_0417,Kashish Dar,golaudant@example.net,Bangalore,Karnataka,2022-06-27
CUST_0864,Vedant Chaudhari,nitaraiyengar@example.com,Muzaffarpur,Bihar,2024-05-02
CUST_0663,Abhimanyu Prakash,nishasarkar@example.com,Bhagalpur,Bihar,2024-12-16
CUST_0930,Hardik Atwal,rehaanmanda@example.org,Nashik,Maharashtra,2020-09-27
CUST_0447,Parth Swaminathan,chanadaksh@example.org,Noida,Uttar Pradesh,2023-07-10
CUST_0388,Amol Dash,ridhishan@example.org,Karnal,Haryana,2021-11-27
CUST_0676,Vasana Misra,jalsaben@example.net,Gaya,Bihar,2023-01-28
CUST_0513,Raghav Gala,obahl@example.org,,Punjab,2020-05-30
CUST_0708,Eta Thakkar,michaelbedi@example.net,Warangal,Telangana,2024-07-27
CUST_0487,Anusha Pillay,ztiwari@example.net,Hubli,Karnataka,2020-07-06
CUST_0400,Manya Merchant,khatriwarda@example.com,Guntur,Andhra Pradesh,2022-03-01
CUST_0067,Hredhaan Sandal,patrickvasa@example.com,Muzaffarpur,Bihar,2021-05-05
CUST_0340,Jagvi Madan,deogagan@example.org,Indore,Madhya Pradesh,2021-06-25
CUST_0628,Triveni Bala,qdada@example.org,Varanasi,Uttar Pradesh,2020-09-21
CUST_0846,Urishilla Bath,kalpitatwal@example.org,Kochi,Kerala,2021-01-25
CUST_0734,Vihaan Kata,atharvparmer@example.org,Chennai,Tamil Nadu,2021-04-28
CUST_0304,Ekalinga Chaudhuri,sekhonchanakya@example.org,Mysore,Karnataka,2021-10-08
CUST_0039,Oni Virk,advika35@example.org,Tirupati,Andhra Pradesh,2021-03-11
CUST_0934,Unnati Choudhary,warhipatel@example.net,Nashik,Maharashtra,2021-06-05
CUST_0997,Adweta Keer,xkothari@example.net,Vadodara,Gujarat,2022-02-18
CUST_0996,Ranbir Sahota,nilimadhingra@example.org,Vijayawada,Andhra Pradesh,2023-02-04
CUST_0259,Jasmit Rau,chakradev60@example.net,Coimbatore,Tamil Nadu,2020-09-15
CUST_0049,Balveer Parmar,zaidchauhan@example.com,Salem,Tamil Nadu,2023-05-06
CUST_0298,Devansh Bhasin,sodhiazad@example.com,Ludhiana,Punjab,2021-09-19
CUST_0044,Nachiket Magar,shivansh53@example.net,Thrissur,Kerala,2023-04-10
CUST_0896,Charvi Dara,ravelxalak@example.org,Salem,Tamil Nadu,2023-08-20
CUST_0652,Janani Verma,ksachdev@example.org,Panipat,Haryana,2024-05-12
CUST_0974,Watika Chana,jasonmunshi@example.com,Warangal,Telangana,2023-11-27
CUST_0359,Jack Dhar,devika57@example.org,Thrissur,Kerala,2023-07-24
CUST_0782,Sachi Bedi,ayushsinha@example.net,Visakhapatnam,null,2024-08-17
CUST_0267,Urvi Lanka,charansrinivasan@example.org,Ludhiana,Punjab,2020-06-04
CUST_0778,Shaurya Nagi,reyanshmangat@example.com,Hyderabad,Telangana,2022-10-26
CUST_0731,Eesha Bir,goureesha@example.org,Nizamabad,Telangana,2023-10-23
CUST_0855,William Ghosh,golexalak@example.net,Durgapur,West Bengal,2023-01-23
CUST_0618,Urishilla Saran,bhattadya@example.org,Nizamabad,Telangana,2023-06-02
CUST_0365,Tanish Jha,dev91@example.net,Jabalpur,Madhya Pradesh,2024-07-24
CUST_0809,Yatan Sodhi,zachariadevika@example.net,Mumbai,Maharashtra,2022-03-16
CUST_0767,Vasatika Dugal,vyadav@example.com,Durgapur,West Bengal,2020-09-19
CUST_0252,Maanas Munshi,hemani62@example.com,Karnal,Haryana,2021-05-31
CUST_0479,Urvashi Barad,anyarau@example.org,Jaipur,Rajasthan,2024-09-03
CUST_0122,Wishi Manne,ojasvi77@example.org,Delhi,Delhi,2021-05-03
CUST_0272,Aishani Sule,yatinmallick@example.net,Warangal,Telangana,2023-09-16
CUST_0746,Suhani Chana,ekiya21@example.org,Howrah,West Bengal,2023-06-07
CUST_0677,Isaiah Keer,anair@example.org,Jalandhar,Punjab,2020-08-15
CUST_0158,Imaran Bal,alexanderparmar@example.org,Gaya,Bihar,2024-06-26
CUST_0373,Nilima Swamy,fsawhney@example.org,Kolkata,West Bengal,2021-02-20
CUST_0733,Max Guha,deepqasim@example.org,Bhagalpur,Bihar,2020-03-12
CUST_0193,Triya Seth,bhandarijyoti@example.com,Hyderabad,Telangana,2021-09-14
CUST_0337,Rachana Grewal,xchada@example.net,Pune,Maharashtra,2021-08-13
CUST_0389,Samaksh Deo,nathan41@example.net,Tirupati,Andhra Pradesh,2024-08-07
CUST_0751,Zehaan Arora,ftank@example.net,Panipat,Haryana,2023-09-29
CUST_0849,Neelima Nair,devanekanta@example.org,Ludhiana,Punjab,2022-04-20
CUST_0963,Dhriti Iyengar,qratti@example.net,Warangal,Telangana,2021-04-24
CUST_0535,Noah Borde,pnagi@example.com,Visakhapatnam,Andhra Pradesh,2021-08-12
CUST_0326,Praneel Chhabra,viswanathanmanthan@example.org,Warangal,Telangana,2022-07-11
CUST_0879,Faris Nayak,varmajanuja@example.org,Jabalpur,Madhya Pradesh,2022-09-04
CUST_0278,Charles Chaudhry,tnarayanan@example.com,Salem,Tamil Nadu,15/09/2021
CUST_0898,Urvi Mann,riyanigam@example.net,Amritsar,Punjab,2024-06-07
CUST_0540,Harita Patla,kapoorsuhani@example.com,Muzaffarpur,Bihar,2020-08-23
CUST_0210,Zaitra Dash,fiyaz24@example.com,Patna,Bihar,28/09/2020
CUST_0004,Abeer Dutta,roak@example.org,Bangalore,Karnataka,2023-04-24
CUST_1000,Charles Natarajan,urishillapandya@example.net,Guntur,Andhra Pradesh,2022-08-12
CUST_0496,Ekta Malhotra,chanchal32@example.net,Gaya,Bihar,06-01-2021
CUST_0575,Urvi Dugar,labanraman@example.net,Nizamabad,Telangana,2024/07/30
CUST_0390,Zashil Butala,noah06@example.net,Nagpur,Maharashtra,2024-01-26
CUST_0280,Bhavna Nagi,daniel19@example.org,Karnal,Haryana,2022-08-10
CUST_0909,Bimala Swaminathan,mittaldaksha@example.com,New Delhi,Delhi,2023-09-29
CUST_0101,Harini Gour,krishnanvanya@example.org,Gurgaon,,2020-04-13
CUST_0892,Veda Prabhu,champak25@example.com,Nizamabad,Telangana,2022-10-08
CUST_0511,Harshil Rajagopal,oliver10@example.com,Siliguri,West Bengal,2022-05-23
CUST_0253,Eiravati Khurana,rdas@example.com,Patna,Bihar,2022-08-21
CUST_0623,Nidra Iyer,biswasgautam@example.net,Gwalior,Madhya Pradesh,2020-05-14
CUST_0498,Omya Ravel,lbanik@example.net,Chennai,Tamil Nadu,"March 17, 2023"
CUST_0971,Arunima Goda,sunderanmol@example.org,Jabalpur,Madhya Pradesh,2023-02-12
CUST_0125,Manthan Sekhon,vpai@example.net,Ahmedabad,Gujarat,2020-01-20
CUST_0319,Madhav Babu,omisha42@example.org,Kolkata,West Bengal,2024-08-10
CUST_0379,Noah Dewan,samuelbhargava@example.net,New Delhi,Delhi,2022-08-03
CUST_0993,Akshay Vora,rsetty@example.com,Vijayawada,Andhra Pradesh,2024-02-27
CUST_0906,Oeshi Dewan,dhawansarthak@example.com,Durgapur,West Bengal,2021-11-06
CUST_0289,Jagvi Keer,daniudyati@example.com,Delhi,Delhi,2024-06-21
CUST_0755,Garima Chahal,chopraomaja@example.org,Ludhiana,Punjab,2024-06-13
CUST_0922,Ijaya Muni,liam79@example.net,Durgapur,West Bengal,2020-06-08
CUST_0967,Eiravati Bhatt,nitaraloke@example.com,Hyderabad,Telangana,2022-04-26
CUST_0952,Bhavani Nagi,balachakradev@example.org,,West Bengal,2020-11-13
CUST_0234,Bachittar Dube,xprabhakar@example.com,Visakhapatnam,Andhra Pradesh,2024-10-20
CUST_0485,Yashawini Raval,ayushghose@example.org,Tirupati,Andhra Pradesh,2020-05-04
CUST_0045,Yashasvi Suresh,charan16@example.com,Udaipur,Rajasthan,2021-03-25
CUST_0537,Tripti Sawhney,fchakrabarti@example.com,Mysore,Karnataka,2020-11-12
CUST_0558,Yoshita Dar,bbaria@example.com,Gurgaon,Haryana,2023-10-12
CUST_0965,Amrita Walia,hbhasin@example.org,Calicut,Kerala,2021-04-30
CUST_0590,William Gandhi,sanayadutta@example.org,Surat,Gujarat,2020-06-05
CUST_0894,Jackson Barman,jonathan74@example.com,Warangal,Telangana,2021-07-12
CUST_0444,Nathaniel Chaudhry,wrideshlata@example.net,Faridabad,Haryana,2023-05-28
CUST_0239,Gagan Nagarajan,dhruv88@example.com,Ludhiana,Punjab,2022-09-26
CUST_0799,Aadi Parmer,mandaazaan@example.org,Delhi,Delhi,2020-09-07
CUST_0036,Dipta Bhandari,soodyadavi@example.net,Patna,Bihar,2024-07-06
CUST_0206,Janya Khanna,wmane@example.net,Jodhpur,Rajasthan,2024-01-11
CUST_0964,Pranit Bahl,xalakkala@example.net,Muzaffarpur,Bihar,2023-03-28
CUST_0265,Yashica Upadhyay,emistry@example.org,Bangalore,Karnataka,2021-09-30
CUST_0484,Zaitra Prakash,varmanathan@example.org,Gwalior,Madhya Pradesh,2023-01-20
CUST_0478,Bhavika Wason,nirja46@example.net,Ludhiana,Punjab,2024-12-18
CUST_0667,Sneha Magar,uguha@example.org,Mangalore,Karnataka,2021-04-04
CUST_0027,Arya Sunder,kevinsolanki@example.org,Muzaffarpur,Bihar,2020-11-29
CUST_0390,Zashil Butala,noah06@example.net,Nagpur,Maharashtra,2024-01-26
CUST_0345,Anya Sama,veda15@example.com,Madurai,Tamil Nadu,2023-05-03
CUST_0258,Bhavika Yadav,chokshiraagini@example.org,Patna,Bihar,2023-06-26
CUST_0860,,vkrishnamurthy@example.net,Delhi,Delhi,2021-10-11
CUST_0885,Dominic Guha,fchahal@example.com,Jodhpur,Rajasthan,2020-03-15
CUST_0293,Janaki Brahmbhatt,bhatiayashasvi@example.org,Delhi,Delhi,2022-09-27
CUST_0040,Meghana Deep,tanvi51@example.org,Jabalpur,Madhya Pradesh,2022-03-21
CUST_0423,Oni Swamy,dharati@example.org,Indore,Madhya Pradesh,2020-12-14
CUST_0764,Advay Jaggi,aachal14@example.com,Ajmer,Rajasthan,2024-08-13
CUST_0976,Anvi Sarraf,lkumar@example.org,Varanasi,Uttar Pradesh,2021-01-11
CUST_0859,N/A,calebbhagat@example.net,Agra,Uttar Pradesh,2023-12-14
CUST_0912,Ayush Dar,waida19@example.net,Nizamabad,Telangana,2024-04-25
CUST_0214,Bhavini Sodhi,upasnasen@example.net,Hubli,Karnataka,2020-09-30
CUST_0697,Yamini Nazareth,saanvipandey@example.com,New Delhi,Delhi,2024-04-29
CUST_0165,Sudiksha Tiwari,ychaudhary@example.net,Patna,Bihar,2024-10-24
CUST_0115,Nilima Nath,henry25@example.com,Hyderabad,Telangana,2024-10-09
CUST_0797,Samesh Nadig,daksha65@example.org,Madurai,Tamil Nadu,2022-11-20
CUST_0730,Samaksh Devi,krishna62@example.net,Jabalpur,Madhya Pradesh,2022-01-14
CUST_0503,Upma Bera,sodhirobert@example.net,Lucknow,Uttar Pradesh,2020-09-16
CUST_0366,Jasmit Nanda,tanvicomar@example.com,Gurgaon,Haryana,2022-07-20
CUST_0731,Eesha Bir,goureesha@example.org,Nizamabad,Telangana,2023-10-23
CUST_0878,Bachittar Minhas,smadan@example.net,Hyderabad,Telangana,2022-04-13
CUST_0616,Sanya Edwin,kalayashoda@example.com,Mysore,Karnataka,2020-03-21
CUST_0019,Yashica Issac,kashviedwin@example.net,Kolkata,West Bengal,2022-02-14
CUST_0929,Ijaya Pandey,xitikhurana@example.net,Guntur,Andhra Pradesh,2024-07-14
CUST_0477,Isaiah Sachdeva,manbirchaudhry@example.org,Jalandhar,Punjab,2023-04-17
CUST_0650,Oviya Ravel,buchneel@example.com,Delhi,Delhi,2023-10-21
CUST_0077,Lopa Nayar,dgandhi@example.org,Gwalior,Madhya Pradesh,2022-06-16
CUST_0472,Warinder Soni,N/A,Chennai,Tamil Nadu,2020-03-17
CUST_0197,Raksha Sarna,janujapradhan@example.com,Delhi,Delhi,2024-06-13
CUST_0187,Farhan Randhawa,harinakshi35@example.org,Varanasi,Uttar Pradesh,2021-10-30
CUST_0242,Gabriel Bhatti,mitali78@example.com,Rajkot,Gujarat,2024-01-23
CUST_0990,Krishna Kapur,bajajveer@example.org,Faridabad,Haryana,2022-09-08
CUST_0126,Tamanna Nagy,williamrajagopal@example.org,Kolkata,West Bengal,2020-05-30
CUST_0007,Chaaya Pathak,ekarajbath@example.net,Nizamabad,Telangana,2020-02-24
CUST_0442,Lipika Madan,atharvnagar@example.net,Jalandhar,Punjab,2024-09-01
CUST_0525,Pooja D’Alia,bathaditya@example.org,Udaipur,Rajasthan,2023-09-24
CUST_0023,Siddharth Zacharia,devikarastogi@example.net,Indore,Madhya Pradesh,2024-05-02
CUST_0858,Sathvik Malhotra,hariisaiah@example.org,Agra,Uttar Pradesh,2021-04-05
CUST_0261,Jagat Dave,rameshkashvi@example.com,Delhi,Delhi,2023-12-03
CUST_0380,Avni Yohannan,ekiyamaster@example.com,Mysore,Karnataka,2022-10-17
CUST_0824,Zinal Nazareth,dhritianne@example.net,Hubli,Karnataka,2022-02-03
CUST_0821,Advik Mani,rraja@example.com,Ajmer,Rajasthan,2024-04-14
CUST_0371,Ojas Suri,logan25@example.com,Pune,Maharashtra,2022-11-27
CUST_0881,Ekalinga Jayaraman,gaurikakhare@example.net,Agra,Uttar Pradesh,2021-08-07
CUST_0573,Chakradev Bora,yadavi14@example.net,Salem,Tamil Nadu,2022-12-26
CUST_0458,Ojas Sachdev,wradhakrishnan@example.net,Muzaffarpur,Bihar,2024-07-05
CUST_0053,Dalaja Kari,arjunhans@example.com,Chandigarh,Punjab,2023-10-28
CUST_0600,Neel Roy,kohlicaleb@example.org,Tirupati,Andhra Pradesh,2024-11-04
CUST_0262,Maanas Issac,ctella@example.org,Agra,Uttar Pradesh,2020-12-09
CUST_0766,Parth Hari,hamsini77@example.org,Ahmedabad,Gujarat,2022-07-10
CUST_0646,Gopal Sengupta,abha55@example.net,Calicut,Kerala,2024-03-20
CUST_0662,Vansha Mistry,sanibrinda@example.net,Jaipur,Rajasthan,2021-03-30
CUST_0597,Yachana Dewan,ogandhi@example.org,Chennai,Tamil Nadu,2024/02/14
CUST_0639,Eshana Pathak,rachit84@example.org,Gurgaon,Haryana,2022-11-05
CUST_0369,Dalaja Dada,kashvidhaliwal@example.net,Jaipur,Rajasthan,"October 28, 2023"
CUST_0697,Yamini Nazareth,saanvipandey@example.com,New Delhi,Delhi,2024-04-29
CUST_0536,Chandresh Tripathi,kritikarau@example.org,Calicut,Kerala,2021-12-21
CUST_0079,Chandresh Lad,nnarang@example.com,New Delhi,Delhi,2020-05-11
CUST_0188,Yashvi Comar,ikshitapanchal@example.net,Udaipur,Rajasthan,2023-02-09
CUST_0066,Leena Talwar,jkohli@example.net,Mangalore,Karnataka,2024-12-04
CUST_0279,Laksh Ahluwalia,niharikasoni@example.com,Amritsar,Punjab,07-09-2021
CUST_0620,Dakshesh Gill,asarna@example.org,Tirupati,N/A,2022-03-04
CUST_0344,Charvi Loyal,edhingra@example.org,Chennai,Tamil Nadu,2020-05-02
CUST_0031,Pahal Goswami,turvi31@example.com,null,Madhya Pradesh,2022-12-29
CUST_0798,Yashvi Raval,chaitalybhatia@example.com,Hyderabad,Telangana,2021-10-15
CUST_0745,Ekiya Seshadri,golasudiksha@example.net,Panipat,Haryana,2023-12-12
CUST_0981,Aadhya Mitra,keerchameli@example.org,Ajmer,Rajasthan,2023-02-15
CUST_0680,Hamsini Bhasin,parekhmitesh@example.net,Delhi,Delhi,2024/06/18
CUST_0877,Nidra Goyal,ucchal01@example.com,Faridabad,Haryana,2020-01-11
CUST_0266,Garima Choudhary,ymorar@example.net,Thrissur,Kerala,2022-03-23
CUST_0530,Pratyush Raghavan,ayush27@example.com,Amritsar,Punjab,"March 30, 2021"
CUST_0356,Advaith Chaudhari,tristan88@example.net,Pune,Maharashtra,2022-08-21
CUST_0509,Baljiwan Walla,kashviatwal@example.com,Nagpur,Maharashtra,2022-07-27
CUST_0168,Kavya Dua,fbhavsar@example.org,Noida,Uttar Pradesh,2021-04-01
CUST_0012,Amrita Bhatti,divyakala@example.net,Faridabad,Haryana,2023-11-30
CUST_0644,Krish Varughese,vidhi44@example.net,Kolkata,West Bengal,2022-04-21
CUST_0594,Harshil Verma,adya98@example.net,Ludhiana,Punjab,2021-04-28
CUST_0123,Maanav Rajagopal,yashodadeshpande@example.org,Varanasi,Uttar Pradesh,2020-09-25
CUST_0180,Chakradev Kannan,abhakta@example.org,Nashik,Maharashtra,2020-01-04
CUST_0317,Advika Parsa,gshukla@example.net,Durgapur,West Bengal,2021-01-12
CUST_0057,Ranveer Kumar,sarinaarav@example.net,Kolkata,West Bengal,2024-01-18
CUST_0465,Mitesh Bhagat,aarush61@example.com,Vadodara,Gujarat,2023-04-12
CUST_0818,Oliver Kade,chatura41@example.org,Nashik,Maharashtra,2020-04-14
CUST_0445,Theodore Rama,oscar23@example.net,Panipat,Haryana,2021-03-24
CUST_0627,Saanvi Purohit,wkohli@example.com,Mysore,Karnataka,2021-12-17
CUST_0251,Nakul Sarraf,dsule@example.org,Guntur,Andhra Pradesh,2021-07-23
CUST_0060,Joshua Handa,rraghavan@example.net,Visakhapatnam,Andhra Pradesh,2024-11-17
CUST_0900,Thomas Sehgal,george50@example.net,Thrissur,Kerala,2024-08-20
CUST_0448,Anmol Vyas,vacharya@example.net,Bangalore,Karnataka,2021-09-24
CUST_0562,Ojasvi Yadav,wchanda@example.org,Noida,Uttar Pradesh,2024-03-26
CUST_0068,Zaid Dara,zdeol@example.com,Pune,Maharashtra,2024-12-03
CUST_0401,Wridesh Tata,wableadvik@example.com,Indore,Madhya Pradesh,26/07/2022
CUST_0335,Rajeshri Kata,oakmekhala@example.com,Ajmer,Rajasthan,2023-11-12
CUST_0613,Zehaan Lal,npau@example.com,Thrissur,Kerala,2022-10-23
CUST_0160,Devansh Soni,gpathak@example.net,Jaipur,Rajasthan,2021-01-02
CUST_0209,Ryan Devi,charles75@example.net,Bhopal,Madhya Pradesh,2024-03-17
CUST_0827,Dakshesh Kalla,dargabriel@example.net,Thrissur,Kerala,2022-10-21
CUST_0081,Charles Palla,ekapadbaria@example.org,Hyderabad,Telangana,2023-04-20
CUST_0318,Ekaja Jani,dhriti60@example.net,Nagpur,Maharashtra,2024-10-30
CUST_0086,Jai Barman,priya51@example.net,Delhi,Delhi,2023-10-02
CUST_0735,Krish Thakkar,lprakash@example.com,Panipat,Haryana,2022-01-11
CUST_0157,Manbir Agate,maanav28@example.com,Ludhiana,Punjab,2021-04-29
CUST_0838,Gauri Mitter,obhakta@example.net,Calicut,Kerala,2024-06-19
CUST_0938,Meghana Sarma,darluke@example.com,Bangalore,Karnataka,2020-05-21
CUST_0724,Quincy Issac,cbains@example.org,Thrissur,Kerala,2020-12-07
CUST_0412,Faraj Taneja,xvaidya@example.org,Jabalpur,Madhya Pradesh,08-09-2022
CUST_0886,Bhavya Bose,galaanya@example.org,Bhagalpur,Bihar,2024-06-01
CUST_0853,Abeer Amble,gauravmander@example.com,Rajkot,Gujarat,2022-12-12
CUST_0514,Siddharth Bains,jatinperi@example.net,Visakhapatnam,Andhra Pradesh,2021-10-21
CUST_0294,Nitesh Narang,rdada@example.org,Hyderabad,Telangana,2023-11-15
CUST_0519,Barkha Comar,tankrushil@example.net,Nizamabad,Telangana,2022-05-31
CUST_0758,Brinda Sinha,jairajmaharaj@example.com,Karnal,Haryana,2020-02-23
CUST_0062,Ekanta Shroff,rsathe@example.org,Indore,null,2020-11-09
CUST_0041,Harish Borah,yashawinilanka@example.org,Guntur,Andhra Pradesh,2020-10-19
CUST_0221,Kashvi Kulkarni,parikhekansh@example.com,Noida,Uttar Pradesh,2024-09-16
CUST_0931,Hardik Kala,speri@example.net,Warangal,Telangana,2022-07-24
CUST_0015,Champak Choudhary,nathanielsami@example.net,Ahmedabad,Gujarat,2020-07-08
CUST_0070,Shivani Lad,aradhanaverma@example.com,Jalandhar,Punjab,2024-07-29
CUST_0018,Sudiksha Aggarwal,xiti28@example.org,Lucknow,Uttar Pradesh,2024-02-03
CUST_0075,Lajita Sood,pandeychanchal@example.com,Vijayawada,Andhra Pradesh,2023-12-31
CUST_0483,Gaurav Guha,akakar@example.net,Muzaffarpur,Bihar,2020-07-22
CUST_0913,Vasana Sarin,vamakshi15@example.net,Lucknow,Uttar Pradesh,2023-08-01
CUST_0813,Avi Mangat,ibutala@example.net,Thrissur,Kerala,2021-08-08
CUST_0936,Devika Sawhney,nikitamannan@example.com,New Delhi,Delhi,2020-04-02
CUST_0431,Banjeet Kale,manbir13@example.com,Hyderabad,Telangana,2020-05-31
CUST_0583,Michael Patla,priya20@example.com,Surat,Gujarat,2024-06-29
CUST_0397,Teerth Chadha,deyjatin@example.net,Jodhpur,Rajasthan,2024-10-19
CUST_0926,Hritik Bali,singhjagat@example.com,Rajkot,Gujarat,2020-08-26
CUST_0325,Advik Badal,bhavini08@example.net,Trivandrum,Kerala,2024-05-07
CUST_0683,Chaitaly Suri,rachitpall@example.com,Hyderabad,Telangana,2023-07-18
CUST_0013,N/A,alkadewan@example.org,Udaipur,Rajasthan,2021-07-23
CUST_0927,Dominic Mitra,charjatin@example.net,Indore,Madhya Pradesh,2024-01-08
CUST_0653,,fariq32@example.com,Ajmer,Rajasthan,2020-11-27
CUST_0512,Tamanna Venkatesh,radha25@example.com,Bhopal,Madhya Pradesh,2022-10-01
CUST_0247,Jeremiah Mitter,N/A,Bhagalpur,Bihar,2021-01-07
CUST_0826,Indali Kanda,zayan30@example.org,Surat,Gujarat,2021-02-11
CUST_0396,Nitesh Sarraf,tanay26@example.net,New Delhi,Delhi,2023-03-17
CUST_0910,Udarsh Bala,dubeadweta@example.com,Hubli,Karnataka,2021-09-20
CUST_0246,Hiral Venkataraman,farhan43@example.net,Jabalpur,Madhya Pradesh,2020-10-04
CUST_0056,Radha Pai,rajata98@example.org,Varanasi,Uttar Pradesh,2024/01/29
CUST_0275,Bina Basak,farhan57@example.net,Bhagalpur,Bihar,2024-08-11
CUST_0921,,dadakaran@example.org,Gurgaon,Haryana,2022-12-12
CUST_0194,Gautam Tripathi,lshere@example.net,Noida,Uttar Pradesh,2022-05-30
CUST_0522,Agastya Chakraborty,takmanthan@example.org,Howrah,West Bengal,2022-04-27
CUST_0531,Nisha Sastry,bhatnagaradvika@example.net,Chennai,Tamil Nadu,2023-04-16
CUST_0219,Wridesh Saha,frederickviswanathan@example.com,Guntur,Andhra Pradesh,2020-11-21
CUST_0649,Farhan Raj,ubika22@example.net,Karnal,Haryana,2024-09-06
CUST_0028,Niharika Gupta,chatterjeeraagini@example.com,Vadodara,Gujarat,2021-03-05
CUST_0292,Ojasvi Sinha,yugbumb@example.net,Pune,Maharashtra,2020-06-24
CUST_0567,Chaman Hans,yoshita11@example.org,Delhi,Delhi,2023-05-12
CUST_0255,Yuvraj Dutta,dhriti32@example.com,New Delhi,Delhi,2024-05-18
CUST_0958,Vrinda Chaudhry,gayathritaneja@example.net,Kochi,Kerala,2022-07-03
CUST_0832,Pranav Swamy,dhawanraagini@example.org,Tirupati,Andhra Pradesh,2020-11-28
CUST_0752,Wakeeta Khanna,vamakshisetty@example.com,Ahmedabad,Gujarat,2023-01-31
CUST_0636,Kabir Bhagat,isridhar@example.org,Rajkot,Gujarat,2021-01-28
CUST_0872,Tristan Dixit,sahnichaitanya@example.org,Mysore,Karnataka,2021-05-11
CUST_0760,Prisha Nadig,irya29@example.net,Faridabad,Haryana,2023-06-07
CUST_0914,Aashi Gaba,dhingraekaja@example.com,Tirupati,Andhra Pradesh,2022-01-22
CUST_0861,Caleb Chawla,yogipatrick@example.org,Durgapur,West Bengal,2023-02-21
CUST_0604,Nirja Dhar,yastilalla@example.org,Lucknow,Uttar Pradesh,2021-12-21
CUST_0127,Caleb Nadkarni,yraj@example.net,Hyderabad,Telangana,2022-11-02
CUST_0874,Sneha Tandon,fiyazarora@example.net,New Delhi,Delhi,2020-07-24
CUST_0103,Frederick Kothari,sahaupkaar@example.net,Vijayawada,Andhra Pradesh,2020-12-06
CUST_0089,Rajata Loyal,yatan14@example.com,Karnal,Haryana,2024-07-11
CUST_0223,Parth Shetty,zgopal@example.org,Karnal,Haryana,2023-07-07
CUST_0454,Qabil Nadkarni,hemangtaneja@example.org,Warangal,Telangana,2022-12-23
CUST_0763,Sarthak Sachdeva,vbath@example.com,Jalandhar,Punjab,2022-12-12
CUST_0156,Jeremiah Jha,johaltarak@example.org,Warangal,Telangana,2023-06-25
CUST_0668,Chandran Warrior,grewalharsh@example.com,Nagpur,Maharashtra,2020-07-21
CUST_0944,Avi Gola,jnarain@example.com,Bhagalpur,Bihar,2022-02-08
CUST_0451,Gayathri Mittal,laban26@example.net,Chennai,Tamil Nadu,2021-08-27
CUST_0983,Urishilla Sachar,pahal12@example.net,Delhi,Delhi,2021-02-20
CUST_0789,Joshua Trivedi,ravihredhaan@example.com,Karnal,Haryana,2021-09-01
CUST_0659,Idika Subramaniam,gauravsathe@example.com,Patna,Bihar,2021-08-06
CUST_0577,Benjamin Ahluwalia,,Patna,Bihar,2022-06-12
CUST_0544,Tanvi Halder,hritik60@example.net,Bhopal,Madhya Pradesh,2023-06-01
CUST_0071,Anvi Sarraf,mangalwahab@example.com,Mysore,Karnataka,2020-09-19
CUST_0147,Gautam Rana,lallajatin@example.com,Jalandhar,Punjab,2023-02-22
CUST_0137,Tripti Kumer,shroffbhavna@example.net,Hyderabad,Telangana,2021-07-11
CUST_0392,Faras Deo,zilmilsaxena@example.org,Salem,Tamil Nadu,2023-01-08
CUST_0141,Watika Mangat,,Durgapur,West Bengal,2024-09-28
CUST_0307,Odika Mital,,Amritsar,Punjab,2020-07-24
CUST_0377,Yug Mishra,senguptaadya@example.com,Madurai,Tamil Nadu,2023-02-02
CUST_0902,Gagan Vala,fhayer@example.com,Jaipur,Rajasthan,2021/11/16
CUST_0106,Oscar Borde,aarnavrege@example.com,Salem,Tamil Nadu,2020-01-05
CUST_0810,Hemal Warrior,singhsudiksha@example.net,Warangal,Telangana,2021-05-08
CUST_0092,Advaith Varughese,frederickkhurana@example.net,Ajmer,Rajasthan,2022-08-14
CUST_0887,Watika Dora,arinmemon@example.com,Howrah,West Bengal,2024-03-13
CUST_0235,Laksh Wagle,mitali54@example.org,Guntur,Andhra Pradesh,2022-09-03
CUST_0073,Michael Kala,sachdevanikita@example.com,Madurai,Tamil Nadu,2022-12-16
CUST_0490,Libni Bawa,tanishkant@example.net,Panipat,Haryana,2021-05-13
CUST_0679,Mohammed Prabhu,kotharinakul@example.com,Lucknow,Uttar Pradesh,2020-04-07
CUST_0433,Zaid Chandra,zchaudry@example.org,Varanasi,Uttar Pradesh,2023-11-14
CUST_0124,Oeshi Oak,aarnav44@example.net,Gwalior,Madhya Pradesh,2022-07-25
CUST_0705,Charita Barad,xbrar@example.org,Noida,Uttar Pradesh,2020-03-30
CUST_0009,Janya Gaba,isha34@example.net,Jabalpur,Madhya Pradesh,2021-03-27
CUST_0916,Chanakya Mann,faraj83@example.net,Salem,Tamil Nadu,2020-11-09
CUST_0456,Sanya Apte,shaurya31@example.com,Madurai,Tamil Nadu,2024-08-15
CUST_0532,Advik Vohra,hamsinivenkataraman@example.net,Nizamabad,Telangana,2021-11-06
CUST_0232,Januja Varghese,azaandhar@example.net,Siliguri,West Bengal,2020-05-07
CUST_0608,Aarav Sankar,cprabhakar@example.net,Lucknow,Uttar Pradesh,2023-08-13
CUST_0911,Jeet Mani,fgola@example.net,Salem,Tamil Nadu,2023-11-06
CUST_0080,Geetika Raghavan,oviya41@example.com,Ahmedabad,Gujarat,2023-04-19
CUST_0489,Inaya Padmanabhan,aarnachana@example.com,Bhopal,Madhya Pradesh,2020-04-13
CUST_0219,Wridesh Saha,frederickviswanathan@example.com,Guntur,Andhra Pradesh,2020-11-21
CUST_0002,Gagan Sami,balangirik@example.org,Amritsar,Punjab,2021-05-16
CUST_0765,Abeer Comar,harita69@example.net,Kochi,Kerala,2020-09-13
CUST_0094,Chaitaly Kant,tkohli@example.net,Bhopal,Madhya Pradesh,2020-05-04
CUST_0717,Isaiah Bhagat,manbirmani@example.org,Durgapur,West Bengal,2024-06-20
CUST_0240,Nakul Ghosh,yashoda31@example.org,Delhi,Delhi,2022-06-11
CUST_0899,Varenya Baria,jacksonmorar@example.org,Noida,Uttar Pradesh,2020-12-25
CUST_0641,Kashish Patla,cmammen@example.org,Surat,Gujarat,2023-05-08
CUST_0962,Prisha Kadakia,faraj48@example.com,New Delhi,Delhi,2020-10-13
CUST_0054,Arya Boase,indali86@example.net,Tirupati,Andhra Pradesh,2024-04-23
CUST_0786,Upma Kata,maanaskuruvilla@example.com,Bhopal,Madhya Pradesh,2022-10-16
CUST_0665,Wriddhish Varughese,bhavani84@example.com,Nashik,Maharashtra,2024/11/03
CUST_0381,Yoshita Chandran,nishabhargava@example.com,Tirupati,Andhra Pradesh,2022-11-08
CUST_0848,Ishaan Tank,devjain@example.com,Jodhpur,Rajasthan,2022-04-25
CUST_0257,Wridesh Kale,chanakya04@example.com,Pune,Maharashtra,2021-02-12
CUST_0370,Omya Devi,lsampath@example.com,Bhagalpur,Bihar,2022-04-26
CUST_0671,Azad Narayanan,dhingradaksh@example.com,Varanasi,Uttar Pradesh,2023-11-26
CUST_0727,Lila Balan,umang25@example.com,Muzaffarpur,Bihar,2023-06-13
CUST_0281,Parth Sahni,balhaarranganathan@example.com,Udaipur,Rajasthan,2021-10-22
CUST_0163,Vritti Sawhney,buchekanta@example.net,Indore,Madhya Pradesh,2021-06-30
CUST_0310,Wridesh Kar,maanas70@example.net,Lucknow,Uttar Pradesh,2023-12-21
CUST_0666,Ekapad Gopal,bimalachoudhry@example.net,Surat,Gujarat,2022-03-01
CUST_0757,Ekantika Pillay,wbir@example.com,New Delhi,Delhi,2021-04-29
CUST_0208,Ridhi Shenoy,lavanya88@example.com,Jodhpur,Rajasthan,2020-10-29
CUST_0787,Qadim Narayanan,sudiksha70@example.org,Tirupati,Andhra Pradesh,2023-08-07
CUST_0001,Aryan Maharaj,udantdewan@example.net,Bhopal,Madhya Pradesh,2020-02-21
CUST_0468,Alka Chand,xgoyal@example.com,Nagpur,Maharashtra,2023-06-03
CUST_0814,Arunima Krishnan,avnimaharaj@example.com,Hyderabad,Telangana,2024-10-01
CUST_0162,Azaan Bhat,bratti@example.net,Guntur,Andhra Pradesh,2024-06-30
CUST_0128,Warhi Bansal,yadavinarula@example.org,Noida,Uttar Pradesh,2021-12-15
CUST_0017,null,harini14@example.com,null,Bihar,2023-05-21
CUST_0471,Odika Karan,ramomya@example.net,Varanasi,Uttar Pradesh,2020-08-26
CUST_0642,Veer Chaudhry,warinder86@example.com,Jodhpur,Rajasthan,2020-11-28
CUST_0102,Nandini Swamy,beramax@example.org,Bhopal,Madhya Pradesh,2020-07-10
CUST_0048,N/A,cdatta@example.com,Mysore,Karnataka,2023-07-09
CUST_0050,Mohammed Khalsa,petersachar@example.org,Hubli,Karnataka,2022-02-20
CUST_0699,Keya Kumar,sneha76@example.org,Nagpur,Maharashtra,2023-01-23
CUST_0988,Ekaja Seth,qdeol@example.org,Jaipur,Rajasthan,2024-11-24
CUST_0865,Ethan Sinha,bbhagat@example.org,Faridabad,Haryana,2021-08-17
CUST_0833,Riya Lad,banerjeeelijah@example.org,Udaipur,Rajasthan,2023-04-30
CUST_0134,Ayush Batra,daksh45@example.com,Muzaffarpur,Bihar,2023-09-20
CUST_0747,Shivani Patil,viswanathanleena@example.net,Varanasi,Uttar Pradesh,2021-02-13
CUST_0561,Elijah Nadkarni,qarinverma@example.org,Thrissur,Kerala,2022-04-28
CUST_0346,Warhi Hayre,ichhabra@example.com,Amritsar,Punjab,2022-06-18
CUST_0291,Theodore Deol,ddua@example.net,Tirupati,Andhra Pradesh,2023-02-12
CUST_0331,Vaishnavi Madan,bordeavni@example.net,New Delhi,Delhi,2021-06-25
CUST_0823,Amara Chaudhari,mahika73@example.net,Kochi,Kerala,2020-09-20
CUST_0857,Jacob Wagle,pathakyashica@example.org,Howrah,West Bengal,18/01/2023
CUST_0217,Oni Shankar,choudhryxalak@example.net,Rajkot,N/A,22/01/2020
CUST_0954,Nisha Panchal,kondayug@example.org,Chandigarh,Punjab,2020-03-06
CUST_0812,Abha Bhat,kgara@example.org,Nagpur,Maharashtra,2022-10-10
CUST_0408,Radha D’Alia,tbhakta@example.net,Durgapur,West Bengal,2021-11-24
CUST_0548,Anusha Rao,chaitaly72@example.org,Ahmedabad,Gujarat,2021-01-06
CUST_0076,Thomas Sura,anjalisarin@example.com,Varanasi,Uttar Pradesh,2023-10-07
CUST_0367,Dhriti Rama,wcomar@example.com,Mangalore,Karnataka,2021-05-31
CUST_0715,Hemangini Bajwa,omkaar59@example.com,Siliguri,West Bengal,2021-11-25
CUST_0681,Jeremiah Sura,edhithapalan@example.com,Karnal,Haryana,2020-05-08
CUST_0883,Aradhana Bhagat,pradhanhemani@example.com,Mysore,Karnataka,2022-12-31
CUST_0470,Upkaar Luthra,doragunbir@example.org,Bhagalpur,Bihar,2023-12-06
CUST_0738,Samarth Bhatti,revasuri@example.net,Rajkot,Gujarat,08-04-2024
CUST_0003,Yashasvi Bala,onikannan@example.com,New Delhi,Delhi,2024-02-17
CUST_0596,Zaitra Ravi,hemani77@example.net,New Delhi,Delhi,2023-05-18
CUST_0336,Anjali Seshadri,wkari@example.net,Thrissur,Kerala,2021-08-19
CUST_0500,Pratyush Memon,sinhakabir@example.net,Nagpur,Maharashtra,2024-06-05
CUST_0466,Ryan Chatterjee,jhaverionkar@example.net,Udaipur,Rajasthan,2020-08-09
CUST_0378,Reva Dalal,shauryapanchal@example.net,Nashik,Maharashtra,2020-07-09
CUST_0712,Krishna Srivastava,vinayarana@example.net,Gwalior,Madhya Pradesh,2021-07-13
CUST_0285,Akshay Nazareth,reyansh29@example.net,Karnal,Haryana,2023-03-13
CUST_0528,Lekha Sridhar,hganesan@example.org,Bangalore,Karnataka,2020-07-09
CUST_0413,Ojas Pillai,aadhyachauhan@example.net,Hyderabad,Telangana,2023-06-18
CUST_0096,Anika Mohan,vihaan13@example.com,Patna,null,2021-05-24
CUST_0649,Farhan Raj,ubika22@example.net,Karnal,Haryana,2024-09-06
CUST_0078,Meera Bala,sanghakrishna@example.com,Guntur,Andhra Pradesh,2020-09-04
CUST_0463,Garima Jha,nimratzachariah@example.com,Karnal,Haryana,2020-01-29
CUST_0385,Girik Shanker,dev86@example.org,Salem,Tamil Nadu,2021-01-25
CUST_0425,Girish Tiwari,meeraborde@example.net,Bhagalpur,Bihar,2023-06-23
CUST_0643,Madhav Doctor,landra@example.com,Coimbatore,Tamil Nadu,2024-01-16
CUST_0276,Varenya Kala,anikamagar@example.org,Kolkata,West Bengal,2022-06-06
CUST_0788,Isaiah Panchal,kshenoy@example.com,Varanasi,Uttar Pradesh,2021-05-16
CUST_0942,Manan Sha,daszashil@example.com,Jabalpur,Madhya Pradesh,2022-02-05
CUST_0088,Michael Saran,anamikayohannan@example.com,Salem,Tamil Nadu,2021-05-12
CUST_0876,Dalaja Edwin,dbajwa@example.com,Kolkata,West Bengal,2023-10-27
CUST_0403,Urishilla Bora,birakshay@example.com,Calicut,Kerala,2024-11-16
CUST_0693,Amaira Wadhwa,bobaldaksha@example.org,Ajmer,Rajasthan,2020-03-30
CUST_0806,Wishi Khalsa,nirja89@example.com,Faridabad,Haryana,2022-10-17
CUST_0330,Radha Narula,wablebrijesh@example.org,Chandigarh,Punjab,2024-04-11
CUST_0729,Pooja Muni,saumya82@example.org,Gurgaon,Haryana,2020-06-02
CUST_0150,Logan Bath,modiwaida@example.org,Nagpur,Maharashtra,2023-04-07
CUST_0256,Wishi Morar,fbajaj@example.com,Bhopal,Madhya Pradesh,2024-03-24
CUST_0136,Lavanya Khosla,odhar@example.com,Bangalore,Karnataka,2024-02-29
CUST_0719,Siddharth Jani,vasudha92@example.net,Hubli,Karnataka,2020-06-10
CUST_0130,Mohammed Borde,vlanka@example.net,Delhi,Delhi,2021-08-06
CUST_0672,Ekbal Singhal,rehaankrishna@example.com,Gaya,Bihar,2024-04-03
CUST_0284,Reyansh Chowdhury,nicholas74@example.net,Guntur,Andhra Pradesh,2021-05-14
CUST_0781,Bhanumati Konda,ekavirmukhopadhyay@example.net,Gwalior,Madhya Pradesh,2024-09-21
CUST_0422,Gautami Agarwal,gmohanty@example.org,Delhi,Delhi,2023-03-05
CUST_0139,Rushil Rajagopalan,pchhabra@example.com,Surat,Gujarat,2023-11-08
CUST_0098,Harish Hari,utkarsh52@example.com,Howrah,West Bengal,2022-05-14
CUST_0696,Tara Sane,ganesanpranit@example.net,Gurgaon,Haryana,2021-12-07
CUST_0527,Hema Goswami,rattanmugdha@example.com,Jabalpur,Madhya Pradesh,2020-05-17
CUST_0274,Anusha Mani,raghavanmegha@example.com,Gwalior,Madhya Pradesh,2020-01-26
CUST_0825,Ekansh Arora,hchaudhari@example.org,Panipat,Haryana,2023-02-16
CUST_0297,Aachal Aggarwal,elijahbath@example.com,Noida,Uttar Pradesh,2022-04-08
CUST_0842,Logan Banik,aryankhare@example.com,Nashik,Maharashtra,2020-12-15
CUST_0946,Vritti Thaman,hemal88@example.org,Muzaffarpur,Bihar,2020-08-30
CUST_0332,Praneel Murty,johalmaanas@example.net,Bhopal,Madhya Pradesh,2020-11-17
CUST_0836,Yutika Swaminathan,zsarin@example.net,Patna,Bihar,30/07/2020
CUST_0552,Hredhaan Bakshi,ddhillon@example.net,Ludhiana,Punjab,2022-02-09
CUST_0924,Utkarsh Mohanty,shauryade@example.org,Gaya,Bihar,2023-03-18
CUST_0288,Sanya Loke,chasmum99@example.org,Surat,Gujarat,2022-09-25
CUST_0546,Rachita Subramanian,oscardave@example.org,Madurai,Tamil Nadu,2023-12-10
CUST_0791,Yagnesh Dutt,erajagopalan@example.com,Pune,Maharashtra,2022-06-19
CUST_0584,Timothy Sarin,null,Thrissur,Kerala,2024-08-30
CUST_0061,Charvi Ravi,modibhavini@example.org,Gwalior,Madhya Pradesh,2024-09-19
CUST_0783,null,chadhapooja@example.com,Patna,Bihar,2020-06-15
CUST_0443,Ayushman Mand,sodhiishita@example.net,Tirupati,Andhra Pradesh,2024-05-07
CUST_0143,Janya Deep,merchanteta@example.net,Udaipur,Rajasthan,2020-03-31
CUST_0631,Vamakshi Murthy,tejas94@example.org,Panipat,Haryana,2024-07-23
CUST_0170,Jason Roy,pallavi04@example.net,Vadodara,Gujarat,2024-11-05
CUST_0439,Manthan Banerjee,chakrikatara@example.com,Lucknow,Uttar Pradesh,2024-08-26
CUST_0648,Owen Mane,ekta87@example.net,Hyderabad,Telangana,2021-09-25
CUST_0625,Aayush Lal,niharikatoor@example.org,Jabalpur,Madhya Pradesh,2021-08-04
CUST_0303,Ranbir Chowdhury,,Agra,Uttar Pradesh,"May 01, 2023"
CUST_0360,Ijaya Soni,sarmasneha@example.com,Bhagalpur,Bihar,2020-07-05
CUST_0706,Ijaya Saraf,xdara@example.org,Faridabad,Haryana,2024-12-19
CUST_0603,Frederick Kalita,esinha@example.org,Durgapur,West Bengal,2024-06-18
CUST_0960,Tanish Mani,champak49@example.com,Chandigarh,Punjab,2022-04-03
CUST_0215,Fariq Bahl,tanveer28@example.net,Karnal,Haryana,2023-09-29
CUST_0243,Ethan Dass,ethan77@example.net,Salem,Tamil Nadu,2020-09-18
CUST_0795,Gautam Kalla,aadidin@example.net,Amritsar,Punjab,14/05/2024
CUST_0901,Tristan Mall,arinchacko@example.net,Udaipur,Rajasthan,2020-06-26
CUST_0450,Lucky Choudhry,elijah56@example.net,Calicut,Kerala,2024-02-08
CUST_0090,Ucchal Raghavan,ayush75@example.org,Jodhpur,Rajasthan,2020-07-12
CUST_0918,Gopal Warrior,maanas02@example.net,Jalandhar,Punjab,2024-03-31
CUST_0270,David Devi,ektasridhar@example.net,Bhopal,Madhya Pradesh,2024-06-18
CUST_0956,Baljiwan Sharma,avarma@example.com,Gurgaon,Haryana,2021-05-07
CUST_0841,Hredhaan Parmer,ochad@example.com,Faridabad,Haryana,2024-01-17
CUST_0908,Oeshi Gill,mdevan@example.org,Gwalior,Madhya Pradesh,2023-11-19
CUST_0254,Lohit Chatterjee,mannanleena@example.net,Mumbai,Maharashtra,2021-12-17
CUST_0770,Keya Warrior,lopagrover@example.net,Visakhapatnam,Andhra Pradesh,2024-08-29
CUST_0670,Wakeeta Kalla,osha47@example.com,Coimbatore,Tamil Nadu,2020-03-19
CUST_0754,Manbir Bhakta,balhaar20@example.net,Noida,Uttar Pradesh,2023-12-28
CUST_0941,Mugdha Parekh,fravel@example.net,Faridabad,Haryana,2024-04-17
CUST_0436,Kabir Chanda,jason07@example.org,Bhagalpur,Bihar,2020-08-06
CUST_0224,Tanvi Bansal,saksham03@example.org,Delhi,N/A,2022-06-19
CUST_0560,Balveer Dube,charan94@example.com,Jabalpur,Madhya Pradesh,2022-09-21
CUST_0452,Edhitha Ghosh,udant92@example.com,Rajkot,Gujarat,2020-12-25
CUST_0737,Alexander Madan,vkapadia@example.net,Salem,Tamil Nadu,"December 07, 2023"
CUST_0779,Ridhi Dalal,manthan24@example.org,Indore,Madhya Pradesh,04-07-2024
CUST_0043,Abhiram Mistry,desaiaishani@example.org,Amritsar,Punjab,2024-03-09
CUST_0775,Falak Dhar,vartykevin@example.org,Mangalore,Karnataka,2021-02-06
CUST_0556,Chatura Arya,samaksh97@example.org,Kochi,Kerala,2024-12-14
CUST_0376,Amrita Peri,sastrytejas@example.com,Pune,Maharashtra,2023-12-24
CUST_0557,Ronith Hari,saumya21@example.org,Pune,Maharashtra,2020-11-18
CUST_0794,Ekaraj Chopra,fnarang@example.net,Madurai,Tamil Nadu,2024-10-30
CUST_0275,Bina Basak,farhan57@example.net,Bhagalpur,Bihar,2024-08-11
CUST_0919,Kashish Sundaram,koak@example.org,Nizamabad,Telangana,2024-08-17
CUST_0587,Anirudh Tripathi,ravelsimon@example.org,Ajmer,Rajasthan,2022-12-09
CUST_0116,Bhavya Rattan,shagaurang@example.com,Chennai,Tamil Nadu,2023-05-03
CUST_0939,Harsh Ganguly,patlarushil@example.com,Guntur,Andhra Pradesh,2020-03-05
CUST_0563,Garima Narula,chaaya39@example.net,Hyderabad,Telangana,2021-12-07
CUST_0508,Radha Sanghvi,esanghvi@example.com,Hyderabad,Telangana,2023-06-13
CUST_0785,Karan Chander,dchatterjee@example.com,Delhi,Delhi,2023-06-19
CUST_0792,Raagini Saran,warinder21@example.net,Ajmer,Rajasthan,2022-08-09
CUST_0761,Zinal Tank,ngole@example.org,Visakhapatnam,Andhra Pradesh,2020-05-14
CUST_0580,Triya Bora,ekalinga41@example.org,Ajmer,Rajasthan,2023-12-24
CUST_0915,Ishanvi Gade,mahajanjalsa@example.com,Trivandrum,Kerala,2021-03-24
CUST_0800,Meera Nadkarni,yravi@example.com,Varanasi,Uttar Pradesh,2021-05-22
CUST_0173,Amara Balakrishnan,anjalimore@example.com,Muzaffarpur,Bihar,2020-02-26
CUST_0875,Tejas Deo,chakrika31@example.org,Udaipur,Rajasthan,2024-01-09
CUST_0882,Vanya Kadakia,ekanipandit@example.com,Bhopal,Madhya Pradesh,2024-04-23
CUST_0231,Sanya Basak,radhika40@example.org,Udaipur,Rajasthan,2023-01-16
CUST_0282,Bimala Barad,misrahredhaan@example.com,Gaya,Bihar,2024-08-28
CUST_0034,Aarnav Ramakrishnan,suhani46@example.net,Vijayawada,Andhra Pradesh,2023-11-03
CUST_0300,Keya Buch,ijayadani@example.org,Nizamabad,Telangana,2021-12-05
CUST_0226,Bhavika Parikh,narulaanjali@example.org,Agra,Uttar Pradesh,2021-10-16
CUST_0780,Yoshita Chaudry,inayanagar@example.com,Trivandrum,Kerala,2020-12-16
CUST_0815,Isaac Ghosh,sanyapingle@example.org,Hubli,,2020-10-01
CUST_0032,Chandresh Zachariah,chanderwarjas@example.org,Ludhiana,Punjab,2020-11-30
CUST_0579,Qarin Kant,,Muzaffarpur,Bihar,2023-03-25
CUST_0085,Mekhala Issac,kibeharsh@example.net,Ahmedabad,null,2022-11-18
CUST_0172,Inaya Pillai,mallickupkaar@example.com,Jabalpur,Madhya Pradesh,2023-10-23
CUST_0501,Qadim Nayak,kapadiaisha@example.org,Faridabad,Haryana,2023-04-20
CUST_0455,Faras Khanna,ekaja21@example.net,Warangal,Telangana,2024-08-27
CUST_0992,Abha Dixit,pillaionkar@example.net,Visakhapatnam,Andhra Pradesh,2021-03-09
CUST_0085,Mekhala Issac,kibeharsh@example.net,Ahmedabad,null,2022-11-18
CUST_0504,Lakshmi Wagle,odika02@example.org,Jalandhar,Punjab,2022-12-13
CUST_0702,Girindra Barad,jparekh@example.org,Howrah,West Bengal,2024-07-19
CUST_0419,Gabriel Shan,pillaysai@example.com,Nagpur,Maharashtra,2024-06-18
CUST_0507,Anusha Kadakia,nathansuri@example.org,Kochi,Kerala,2022-07-14
CUST_0669,Jeremiah Sarma,kaulgautam@example.org,Muzaffarpur,Bihar,2024-06-08
CUST_0518,Zinal Madan,omyacheema@example.net,Calicut,Kerala,2022-07-18
CUST_0576,Maanas Misra,advay88@example.org,Ahmedabad,Gujarat,2022-03-24
CUST_0394,Leela Chakraborty,,Nizamabad,Telangana,2022-02-11
CUST_0835,Baljiwan Ramakrishnan,max56@example.net,N/A,Kerala,2022-08-30
CUST_0200,Inaya Mukherjee,mdayal@example.net,Gwalior,Madhya Pradesh,2020-07-10
CUST_0140,Chakrika Merchant,randhawaanvi@example.org,Gwalior,Madhya Pradesh,2022-11-01
CUST_0497,Dakshesh Raval,logan07@example.com,Warangal,Telangana,2021/10/29
CUST_0010,Onveer Walla,nihalshere@example.com,Durgapur,West Bengal,2024-07-15
CUST_0368,Orinder Mishra,desaidhriti@example.org,Ahmedabad,Gujarat,2024-05-01
CUST_0055,Ayaan D’Alia,pranav94@example.org,Gwalior,Madhya Pradesh,2020-08-16
CUST_0635,Anvi Swaminathan,yastimammen@example.com,Noida,Uttar Pradesh,2021-03-14
CUST_0462,Azaan Sankar,radhadugar@example.org,Panipat,Haryana,2020-07-03
CUST_0863,Eshana Saini,eshanakarpe@example.org,Hubli,Karnataka,2022-03-19
CUST_0323,Laksh Kashyap,doraaditya@example.org,New Delhi,Delhi,2023-02-16
CUST_0937,Ekaraj Soni,N/A,Udaipur,Rajasthan,2023-12-05
CUST_0144,Parth Iyer,jasmitwali@example.net,Nagpur,Maharashtra,2024-04-28
CUST_0296,Tanmayi Bhardwaj,umorar@example.org,Gurgaon,Haryana,2020-07-09
CUST_0928,Ryan Goyal,ayush12@example.net,Thrissur,Kerala,2020-07-05
CUST_0171,Indira Chawla,mohammedsubramaniam@example.org,Mangalore,Karnataka,2021-12-20
CUST_0569,Ekbal Dube,sharafgarima@example.org,Noida,Uttar Pradesh,2024-04-20
CUST_0178,Vedika Sathe,nmahajan@example.net,Kochi,Kerala,2022-02-27
CUST_0661,Hemangini Mangat,awarrior@example.net,,West Bengal,2024-08-28
CUST_0895,Samesh Banerjee,hemangini25@example.com,New Delhi,Delhi,2021-11-08
CUST_0551,Indira Srinivasan,swalla@example.com,Chennai,Tamil Nadu,2020-07-06
CUST_0651,Dipta Nadig,amara96@example.com,Thrissur,Kerala,2022-08-03
CUST_0499,Hemal Kapadia,gparmer@example.com,Patna,Bihar,2020-09-26
CUST_0966,Turvi Divan,matthewmital@example.com,Noida,Uttar Pradesh,2023-09-14
CUST_0434,Advik Bhatia,kalpithora@example.com,Varanasi,Uttar Pradesh,2024-09-27
CUST_0393,Hemal Dara,edeo@example.org,Durgapur,West Bengal,2021-11-11
CUST_0589,Krish Shetty,ranganathanjanuja@example.net,Agra,Uttar Pradesh,2021-03-29
CUST_0142,Zashil Devan,baraldayamai@example.com,Mumbai,Maharashtra,2024/08/04
CUST_0611,Aarini Gulati,amblejacob@example.net,Kochi,Kerala,2022-07-10
CUST_0429,Dipta Ray,wasonishita@example.org,Lucknow,Uttar Pradesh,2024-07-05
CUST_0923,Orinder Modi,danitristan@example.org,Visakhapatnam,Andhra Pradesh,2020-05-06
CUST_0524,Chandresh Chaudhry,balveermannan@example.com,Jaipur,Rajasthan,2021-10-02
CUST_0145,Nitesh Kurian,vmerchant@example.com,Madurai,Tamil Nadu,2020-11-26
CUST_0711,Mohini Lala,rastogiyachana@example.com,Ahmedabad,Gujarat,2024-11-08
CUST_0383,Vrishti Dhar,oeshi67@example.org,Bhagalpur,null,2022-08-25
CUST_0188,Yashvi Comar,ikshitapanchal@example.net,Udaipur,Rajasthan,2023-02-09
CUST_0120,Vedhika Dara,khatrinathan@example.com,Hubli,Karnataka,2023-09-08
CUST_0313,Charan Loyal,ebaral@example.org,Noida,Uttar Pradesh,2023-07-30
CUST_0245,Zarna Dua,nitesh25@example.net,Kochi,Kerala,2020-06-20
CUST_0121,Nikita Chander,ishaanshenoy@example.org,Calicut,Kerala,2021-06-18
CUST_0925,Isaac Brahmbhatt,suleraagini@example.org,Hyderabad,Telangana,2020-12-02
CUST_0138,Ethan Sathe,chandani64@example.com,Noida,Uttar Pradesh,2024-01-09
CUST_0689,Pranav Balay,hredhaansunder@example.org,Bhopal,Madhya Pradesh,2022-12-08
CUST_0087,Advik Salvi,bcherian@example.com,Howrah,West Bengal,2023-01-09
CUST_0605,Sudiksha Biswas,kritikarajan@example.org,Hyderabad,Telangana,2021-09-27
CUST_0630,Adya Kothari,girik65@example.org,Warangal,Telangana,2023-08-10
CUST_0305,Neelima Sarna,teerthbhalla@example.org,Mysore,Karnataka,2021-01-27
CUST_0984,Yashawini Bhatti,osha98@example.net,Ahmedabad,Gujarat,2022-07-10
CUST_0723,Vihaan Rai,muttivedhika@example.net,Agra,Uttar Pradesh,2022-07-02
CUST_0690,Azad Rama,nvora@example.net,Ahmedabad,Gujarat,2022-12-13
CUST_0834,Sanaya Bahl,pdixit@example.net,Rajkot,Gujarat,2023-12-22
CUST_0177,Nachiket Dugar,bumbanita@example.com,Amritsar,Punjab,2022-06-12
CUST_0633,Samaksh Krish,nachiket11@example.org,Jabalpur,Madhya Pradesh,2022-11-07
CUST_0933,Yoshita Kari,wchowdhury@example.com,Durgapur,West Bengal,2024-01-21
CUST_0866,Suhani Gokhale,iprakash@example.com,Nagpur,Maharashtra,2024-01-02
CUST_0361,Charita Basu,bajajhemal@example.net,Durgapur,West Bengal,2022-04-16
CUST_0567,Chaman Hans,yoshita11@example.org,Delhi,Delhi,2023-05-12
CUST_0932,Ria Chhabra,isharaghavan@example.com,Kochi,Kerala,2023-02-18
CUST_0602,Pranit Varughese,ubahl@example.net,Kolkata,West Bengal,2022-08-18
CUST_0402,Kevin Ram,ipau@example.net,Pune,Maharashtra,2022-10-25
CUST_0626,Yahvi Menon,jackson84@example.net,Noida,Uttar Pradesh,2021-11-13
CUST_0398,Indali Sanghvi,logan34@example.net,Karnal,Haryana,2020-03-30
CUST_0612,Keya Jha,nilima51@example.org,Vijayawada,Andhra Pradesh,2021-10-20
CUST_0321,Vritti Sharma,indiragara@example.org,Bangalore,,2020-11-06
CUST_0655,Hemang Lala,fradoramakrishnan@example.com,Trivandrum,Kerala,2024-11-22
CUST_0541,Januja Sethi,chatterjeetristan@example.org,Panipat,Haryana,2023-03-21
CUST_0502,Osha Narula,abha94@example.com,Ahmedabad,Gujarat,2020-12-22
CUST_0884,Yachana Vyas,singhalbrinda@example.com,Chandigarh,Punjab,2020-12-24
CUST_0687,Ranveer Viswanathan,ndube@example.com,Surat,Gujarat,2023-03-14
CUST_0269,Dipta Sahota,nitarajani@example.com,Amritsar,Punjab,2024-10-07
CUST_0117,Ekiya D’Alia,avarkey@example.net,Mysore,Karnataka,2022-04-06
CUST_0469,Rachit Sehgal,lallria@example.com,New Delhi,Delhi,2023-07-25
CUST_0202,Yashoda Pathak,patildayamai@example.org,Noida,Uttar Pradesh,2024-07-09
CUST_0334,Leena Dey,tellahiral@example.org,Mysore,Karnataka,2020-01-06
CUST_0375,Om Shankar,hvaidya@example.net,Siliguri,West Bengal,2020-09-05
CUST_0192,Chavvi Maharaj,pandeyyashica@example.org,Calicut,Kerala,2022-04-11
CUST_0550,Hemani Deo,yahvinaidu@example.net,Jabalpur,Madhya Pradesh,2020-05-22
CUST_0893,Ojas Dyal,qabil22@example.org,Vijayawada,Andhra Pradesh,2024-10-08
CUST_0819,Ucchal Rastogi,emitra@example.net,Trivandrum,Kerala,2022-01-12
CUST_0105,Hardik Johal,aishanibumb@example.org,Delhi,Delhi,2020-04-30
CUST_0592,Aishani Pingle,brijeshjhaveri@example.net,Nizamabad,Telangana,2021-02-01
CUST_0065,Vaishnavi Bora,osachdeva@example.net,Rajkot,Gujarat,2020-02-09
CUST_0816,Warinder Sundaram,bachittaroza@example.org,Tirupati,Andhra Pradesh,2024-01-29
CUST_0829,Faqid Setty,prisha54@example.org,Madurai,Tamil Nadu,2024-07-04
CUST_0721,Sai Madan,shroffabhiram@example.org,Agra,Uttar Pradesh,2020-07-29
CUST_0771,Darika Murty,magarodika@example.org,Mysore,,2021-09-14
CUST_0286,Prisha Varma,gabriel61@example.org,Thrissur,Kerala,2021-11-19
CUST_0211,Rajeshri Chand,shravyapalla@example.org,Jodhpur,Rajasthan,2020-12-26
CUST_0220,Yashica Tripathi,ramakrishnanupma@example.org,Jalandhar,Punjab,2022-07-10
CUST_0722,Anika Parsa,bahlbrinda@example.net,Mangalore,Karnataka,2023-09-15
CUST_0005,Gayathri Chaudry,raigunbir@example.com,Jaipur,Rajasthan,2020-03-02
CUST_0399,Yuvraj Mane,mitrasamesh@example.net,Rajkot,Gujarat,2023-12-15
CUST_0440,Darsh Chahal,leela26@example.org,Jabalpur,Madhya Pradesh,2021-07-16
CUST_0607,Vamakshi Barad,chandervasatika@example.net,Nagpur,Maharashtra,2024-08-30
CUST_0461,Keya Dyal,chanderhamsini@example.net,Jabalpur,Madhya Pradesh,2024-09-28
CUST_0203,Harita Sunder,upkaardevan@example.org,New Delhi,Delhi,2020-02-20
CUST_0905,Tanveer Sawhney,ssavant@example.org,Varanasi,Uttar Pradesh,2021-04-27
CUST_0629,Thomas Karpe,nitara58@example.net,Kochi,Kerala,2021-09-26
CUST_0756,Bhavani Goel,cparsa@example.org,Surat,Gujarat,2020-09-05
CUST_0030,Ikbal Kothari,ranveeryadav@example.com,Visakhapatnam,Andhra Pradesh,2023-06-01
CUST_0406,Dayita Brar,nachiketyadav@example.com,Ludhiana,Punjab,2022-04-19
CUST_0443,Ayushman Mand,sodhiishita@example.net,Tirupati,Andhra Pradesh,2024-05-07
CUST_0674,Rushil Sharma,vermasathvik@example.com,Kochi,Kerala,2020-06-11
CUST_0656,Yug Mander,idate@example.net,Lucknow,Uttar Pradesh,2023-08-06
CUST_0191,Ekantika Mutti,riabir@example.com,Ludhiana,Punjab,"May 07, 2023"
CUST_0189,,aahanahora@example.org,Coimbatore,Tamil Nadu,2022-05-11
CUST_0645,Mitali Chaudhary,darpankale@example.com,Surat,Gujarat,2022-06-28
CUST_0415,Urmi Patla,ldoctor@example.org,Gwalior,Madhya Pradesh,2021-04-10
CUST_0817,Mitesh Tandon,prajagopal@example.net,Rajkot,Gujarat,2022-01-19
CUST_0238,Ryan Das,ethanseth@example.org,Guntur,Andhra Pradesh,2023-01-07
CUST_0474,Brijesh Sampath,saransaksham@example.net,Mysore,Karnataka,2024-12-22
CUST_0437,Rachita Rana,ybalan@example.net,Delhi,Delhi,2023-03-17
CUST_0574,Gabriel Manda,zraj@example.net,Ludhiana,Punjab,2022-10-21
CUST_0339,Lopa Nadig,hredhaan10@example.com,Bhagalpur,Bihar,2020-05-25
CUST_0164,Dominic Date,ekta69@example.net,Chennai,Tamil Nadu,2022-02-22
CUST_0566,Aryan Varughese,yoshita87@example.com,Gwalior,Madhya Pradesh,2020-04-03
CUST_0179,Hemani Sani,mandervidhi@example.net,Vijayawada,Andhra Pradesh,2021-06-05
CUST_0529,Nathaniel Chawla,zsubramanian@example.net,Jaipur,Rajasthan,2024-03-04
CUST_0250,Vasudha Konda,dmishra@example.org,Vadodara,Gujarat,2024-04-07
CUST_0759,Shaurya Kadakia,chopragagan@example.com,Vadodara,Gujarat,2022-08-15
CUST_0953,Ikshita Bala,lajita16@example.com,Noida,Uttar Pradesh,2024-11-27
CUST_0169,Rachana Char,kalpit80@example.net,Pune,Maharashtra,2022-03-27
CUST_0820,Ladli Ramakrishnan,jlala@example.net,Warangal,Telangana,2020-05-30
CUST_0694,Zilmil Chatterjee,kashyaplekha@example.org,Jabalpur,Madhya Pradesh,2022-02-03
CUST_0112,Rachana Naidu,atharv13@example.net,Ahmedabad,Gujarat,2020-04-12
CUST_0664,Nihal Ramakrishnan,qkannan@example.org,Ahmedabad,Gujarat,2022-04-29
CUST_0600,Neel Roy,kohlicaleb@example.org,Tirupati,Andhra Pradesh,2024-11-04
CUST_0870,Gabriel Sabharwal,lkalita@example.com,Muzaffarpur,Bihar,2023-02-25
CUST_0024,Raksha Varughese,pdara@example.org,Lucknow,Uttar Pradesh,2024-10-17
CUST_0118,Odika Bhagat,zarnapathak@example.net,Mysore,Karnataka,2023-03-31
CUST_0728,Gagan Raja,omishakhosla@example.net,Udaipur,Rajasthan,"December 06, 2020"
CUST_0830,Aradhana Bhatia,vrama@example.org,Siliguri,West Bengal,2020-11-01
CUST_0046,Aarush Nath,adwetaedwin@example.net,Salem,Tamil Nadu,2020-07-05
CUST_0308,,padmanabhanlakshmi@example.net,Gaya,Bihar,2021-08-29
CUST_0069,Saanvi Thaman,ksehgal@example.net,Kochi,Kerala,2020-06-24
CUST_0327,Zayyan Pandya,mekhala15@example.com,Guntur,Andhra Pradesh,2021-08-31
CUST_0464,Chameli Khanna,bawamaya@example.net,Lucknow,Uttar Pradesh,2022-07-20
CUST_0714,Isaiah Sachdev,wpau@example.org,Guntur,Andhra Pradesh,2024-03-02
CUST_0740,Dhriti Ramesh,vermaikbal@example.com,Rajkot,Gujarat,05-30-2021
CUST_0449,Kalpit Oak,ekiyabhargava@example.org,Karnal,Haryana,2020-03-09
CUST_0100,Vritti Chauhan,maneupasna@example.com,New Delhi,Delhi,2022-06-26
CUST_0488,Azaan Khurana,vrinda97@example.org,Indore,Madhya Pradesh,2023-08-07
CUST_0390,Zashil Butala,noah06@example.net,Nagpur,Maharashtra,2024-01-26
CUST_0495,Barkha Misra,subramaniamdevansh@example.com,Visakhapatnam,Andhra Pradesh,2021-07-21
CUST_0534,Manthan Bhagat,dugaryashasvi@example.com,Rajkot,Gujarat,2024-11-12
CUST_0212,Chatresh Randhawa,warinder61@example.com,Karnal,Haryana,2020-04-12
CUST_0804,Tamanna Sandal,suhaniupadhyay@example.com,Gaya,Bihar,2024-07-24
CUST_0467,Finn Solanki,morarmitali@example.com,Indore,Madhya Pradesh,2022-08-23
CUST_0352,Xalak Dewan,wyatt42@example.net,Vadodara,Gujarat,2020-02-22
CUST_0320,Victor Raghavan,xalaknazareth@example.com,Hubli,Karnataka,2022-10-04
CUST_0357,Sanaya Prasad,xsheth@example.net,Nizamabad,Telangana,2022-06-24
CUST_0146,Upadhriti Borra,upkaarranganathan@example.net,Jalandhar,Punjab,2023-02-03
CUST_0748,Kritika Rai,gardegautami@example.net,Mysore,Karnataka,"August 21, 2020"
CUST_0964,Pranit Bahl,xalakkala@example.net,Muzaffarpur,Bihar,2023-03-28
CUST_0852,Kiaan Chaudhry,bdugar@example.com,Coimbatore,Tamil Nadu,2023-02-22
CUST_0119,Riya Behl,amaradeep@example.com,Kochi,Kerala,2023-06-22
CUST_0088,Michael Saran,anamikayohannan@example.com,Salem,Tamil Nadu,2021-05-12
CUST_0985,Sudiksha Bala,,Muzaffarpur,Bihar,2020-07-08
CUST_0943,Vihaan Desai,chaudharychatresh@example.org,Guntur,Andhra Pradesh,2022-07-07
CUST_0426,Radhika De,bishakhalal@example.com,Indore,Madhya Pradesh,2022-10-16
CUST_0303,Ranbir Chowdhury,,Agra,Uttar Pradesh,2021-04-17
CUST_0108,Ekavir Kaur,rudra61@example.net,Karnal,Haryana,2021-08-07
CUST_0989,Baghyawati Issac,sachdevajhalak@example.org,Mysore,Karnataka,2024-07-05
CUST_0051,Gaurangi Sabharwal,amaradutta@example.net,Thrissur,Kerala,2022-12-19
CUST_0707,Lavanya Bhagat,benjamin58@example.net,Nagpur,Maharashtra,2021-09-27
CUST_0309,Omaja Rege,charitapuri@example.org,Delhi,Delhi,2021-01-02
CUST_0316,Barkha Rai,pwalla@example.com,Varanasi,Uttar Pradesh,2022-09-07
CUST_0949,Vyanjana Sankar,devikaramachandran@example.com,Mumbai,Maharashtra,2021-09-03
CUST_0802,Mitesh Mani,krishapte@example.org,Varanasi,Uttar Pradesh,2024-11-04
